2026-03-22 22:45:22.533 [INF]  WorkManagement.Infrastructure.BackgroundJobs.DeadlineReminderJob DeadlineReminderJob started.
2026-03-22 22:45:23.270 [INF]  WorkManagement.Infrastructure.BackgroundJobs.NotificationBackgroundJob NotificationBackgroundJob started.
2026-03-22 22:45:26.034 [INF] 0HNK85844UIFS:00000001 WorkManagement.Web.Middleware.RequestLoggingMiddleware HTTP GET / started | RequestId: 0HNK85844UIFS:00000001 | IP: ::1 | User: anonymous
2026-03-22 22:45:30.599 [INF] 0HNK85844UIFS:00000001 WorkManagement.Web.Middleware.RequestLoggingMiddleware HTTP GET / 200 completed in 4571ms | RequestId: 0HNK85844UIFS:00000001
2026-03-22 22:45:30.620 [WRN] 0HNK85844UIFS:00000001 Microsoft.WebTools.BrowserLink.Net.BrowserLinkMiddleware Unable to configure Browser Link script injection on the response. 
2026-03-22 22:45:30.630 [WRN] 0HNK85844UIFS:00000001 Microsoft.AspNetCore.Watch.BrowserRefresh.BrowserRefreshMiddleware Unable to configure browser refresh script injection on the response. Consider manually adding '<script src="/_framework/aspnetcore-browser-refresh.js"></script>' to the body of the page.
2026-03-22 22:45:32.048 [INF] 0HNK85844UIFS:00000005 WorkManagement.Web.Middleware.RequestLoggingMiddleware HTTP GET /Account/login-google started | RequestId: 0HNK85844UIFS:00000005 | IP: ::1 | User: anonymous
2026-03-22 22:45:32.066 [INF] 0HNK85844UIFS:00000005 WorkManagement.Web.Middleware.RequestLoggingMiddleware HTTP GET /Account/login-google 404 completed in 17ms | RequestId: 0HNK85844UIFS:00000005
2026-03-22 22:46:12.117 [INF] 0HNK85844UIFS:00000007 WorkManagement.Web.Middleware.RequestLoggingMiddleware HTTP GET /Swagger started | RequestId: 0HNK85844UIFS:00000007 | IP: ::1 | User: anonymous
2026-03-22 22:46:12.129 [INF] 0HNK85844UIFS:00000007 WorkManagement.Web.Middleware.RequestLoggingMiddleware HTTP GET /Swagger 301 completed in 12ms | RequestId: 0HNK85844UIFS:00000007
2026-03-22 22:46:12.199 [INF] 0HNK85844UIFS:00000009 WorkManagement.Web.Middleware.RequestLoggingMiddleware HTTP GET /Swagger/index.html started | RequestId: 0HNK85844UIFS:00000009 | IP: ::1 | User: anonymous
2026-03-22 22:46:12.336 [INF] 0HNK85844UIFS:00000009 WorkManagement.Web.Middleware.RequestLoggingMiddleware HTTP GET /Swagger/index.html 200 completed in 136ms | RequestId: 0HNK85844UIFS:00000009
2026-03-22 22:46:12.443 [INF] 0HNK85844UIFS:0000000B WorkManagement.Web.Middleware.RequestLoggingMiddleware HTTP GET /Swagger/swagger-ui.css started | RequestId: 0HNK85844UIFS:0000000B | IP: ::1 | User: anonymous
2026-03-22 22:46:12.448 [INF] 0HNK85844UIFS:00000011 WorkManagement.Web.Middleware.RequestLoggingMiddleware HTTP GET /Swagger/swagger-ui-standalone-preset.js started | RequestId: 0HNK85844UIFS:00000011 | IP: ::1 | User: anonymous
2026-03-22 22:46:12.443 [INF] 0HNK85844UIFS:0000000D WorkManagement.Web.Middleware.RequestLoggingMiddleware HTTP GET /Swagger/index.css started | RequestId: 0HNK85844UIFS:0000000D | IP: ::1 | User: anonymous
2026-03-22 22:46:12.445 [INF] 0HNK85844UIFS:0000000F WorkManagement.Web.Middleware.RequestLoggingMiddleware HTTP GET /Swagger/swagger-ui-bundle.js started | RequestId: 0HNK85844UIFS:0000000F | IP: ::1 | User: anonymous
2026-03-22 22:46:12.673 [INF] 0HNK85844UIFS:0000000D WorkManagement.Web.Middleware.RequestLoggingMiddleware HTTP GET /Swagger/index.css 200 completed in 229ms | RequestId: 0HNK85844UIFS:0000000D
2026-03-22 22:46:12.524 [INF] 0HNK85844UIFS:00000013 WorkManagement.Web.Middleware.RequestLoggingMiddleware HTTP GET /Swagger/index.js started | RequestId: 0HNK85844UIFS:00000013 | IP: ::1 | User: anonymous
2026-03-22 22:46:12.791 [INF] 0HNK85844UIFS:0000000B WorkManagement.Web.Middleware.RequestLoggingMiddleware HTTP GET /Swagger/swagger-ui.css 200 completed in 346ms | RequestId: 0HNK85844UIFS:0000000B
2026-03-22 22:46:12.791 [INF] 0HNK85844UIFS:00000013 WorkManagement.Web.Middleware.RequestLoggingMiddleware HTTP GET /Swagger/index.js 200 completed in 266ms | RequestId: 0HNK85844UIFS:00000013
2026-03-22 22:46:12.791 [INF] 0HNK85844UIFS:00000011 WorkManagement.Web.Middleware.RequestLoggingMiddleware HTTP GET /Swagger/swagger-ui-standalone-preset.js 200 completed in 342ms | RequestId: 0HNK85844UIFS:00000011
2026-03-22 22:46:12.859 [INF] 0HNK85844UIFS:0000000F WorkManagement.Web.Middleware.RequestLoggingMiddleware HTTP GET /Swagger/swagger-ui-bundle.js 200 completed in 414ms | RequestId: 0HNK85844UIFS:0000000F
2026-03-22 22:46:13.168 [INF] 0HNK85844UIFS:00000019 WorkManagement.Web.Middleware.RequestLoggingMiddleware HTTP GET /Swagger/v1/swagger.json started | RequestId: 0HNK85844UIFS:00000019 | IP: ::1 | User: anonymous
2026-03-22 22:46:13.212 [INF] 0HNK85844UIFS:0000001B WorkManagement.Web.Middleware.RequestLoggingMiddleware HTTP GET /Swagger/favicon-32x32.png started | RequestId: 0HNK85844UIFS:0000001B | IP: ::1 | User: anonymous
2026-03-22 22:46:13.231 [INF] 0HNK85844UIFS:0000001B WorkManagement.Web.Middleware.RequestLoggingMiddleware HTTP GET /Swagger/favicon-32x32.png 200 completed in 18ms | RequestId: 0HNK85844UIFS:0000001B
2026-03-22 22:46:13.266 [INF] 0HNK85844UIFS:00000019 WorkManagement.Web.Middleware.RequestLoggingMiddleware HTTP GET /Swagger/v1/swagger.json 200 completed in 98ms | RequestId: 0HNK85844UIFS:00000019
2026-03-22 22:46:37.273 [INF] 0HNK85844UIFS:0000001D WorkManagement.Web.Middleware.RequestLoggingMiddleware HTTP GET /login-google started | RequestId: 0HNK85844UIFS:0000001D | IP: ::1 | User: anonymous
2026-03-22 22:46:37.393 [INF] 0HNK85844UIFS:0000001D WorkManagement.Web.Middleware.RequestLoggingMiddleware HTTP GET /login-google 302 completed in 119ms | RequestId: 0HNK85844UIFS:0000001D
2026-03-22 22:46:46.578 [INF] 0HNK85844UIFS:0000001F WorkManagement.Web.Middleware.RequestLoggingMiddleware HTTP GET / started | RequestId: 0HNK85844UIFS:0000001F | IP: ::1 | User: anonymous
2026-03-22 22:46:46.703 [INF] 0HNK85844UIFS:0000001F WorkManagement.Web.Middleware.RequestLoggingMiddleware HTTP GET / 200 completed in 125ms | RequestId: 0HNK85844UIFS:0000001F
2026-03-22 22:46:46.708 [WRN] 0HNK85844UIFS:0000001F Microsoft.WebTools.BrowserLink.Net.BrowserLinkMiddleware Unable to configure Browser Link script injection on the response. 
2026-03-22 22:46:46.710 [WRN] 0HNK85844UIFS:0000001F Microsoft.AspNetCore.Watch.BrowserRefresh.BrowserRefreshMiddleware Unable to configure browser refresh script injection on the response. Consider manually adding '<script src="/_framework/aspnetcore-browser-refresh.js"></script>' to the body of the page.
2026-03-22 22:47:33.551 [INF]  WorkManagement.Infrastructure.BackgroundJobs.DeadlineReminderJob DeadlineReminderJob started.
2026-03-22 22:47:34.003 [INF]  WorkManagement.Infrastructure.BackgroundJobs.NotificationBackgroundJob NotificationBackgroundJob started.
2026-03-22 22:47:36.252 [INF] 0HNK859B2G3Q1:00000001 WorkManagement.Web.Middleware.RequestLoggingMiddleware HTTP GET / started | RequestId: 0HNK859B2G3Q1:00000001 | IP: ::1 | User: anonymous
2026-03-22 22:47:37.457 [INF] 0HNK859B2G3Q1:00000001 WorkManagement.Web.Middleware.RequestLoggingMiddleware HTTP GET / 200 completed in 1212ms | RequestId: 0HNK859B2G3Q1:00000001
2026-03-22 22:47:37.492 [WRN] 0HNK859B2G3Q1:00000001 Microsoft.WebTools.BrowserLink.Net.BrowserLinkMiddleware Unable to configure Browser Link script injection on the response. 
2026-03-22 22:47:37.503 [WRN] 0HNK859B2G3Q1:00000001 Microsoft.AspNetCore.Watch.BrowserRefresh.BrowserRefreshMiddleware Unable to configure browser refresh script injection on the response. Consider manually adding '<script src="/_framework/aspnetcore-browser-refresh.js"></script>' to the body of the page.
2026-03-22 22:47:39.369 [INF] 0HNK859B2G3Q1:00000003 WorkManagement.Web.Middleware.RequestLoggingMiddleware HTTP GET /login-google started | RequestId: 0HNK859B2G3Q1:00000003 | IP: ::1 | User: anonymous
2026-03-22 22:47:39.612 [INF] 0HNK859B2G3Q1:00000003 WorkManagement.Web.Middleware.RequestLoggingMiddleware HTTP GET /login-google 302 completed in 243ms | RequestId: 0HNK859B2G3Q1:00000003
2026-03-22 22:48:36.968 [INF] 0HNK859B2G3Q1:00000005 WorkManagement.Web.Middleware.RequestLoggingMiddleware HTTP GET / started | RequestId: 0HNK859B2G3Q1:00000005 | IP: ::1 | User: anonymous
2026-03-22 22:48:37.081 [INF] 0HNK859B2G3Q1:00000005 WorkManagement.Web.Middleware.RequestLoggingMiddleware HTTP GET / 200 completed in 113ms | RequestId: 0HNK859B2G3Q1:00000005
2026-03-22 22:48:37.089 [WRN] 0HNK859B2G3Q1:00000005 Microsoft.WebTools.BrowserLink.Net.BrowserLinkMiddleware Unable to configure Browser Link script injection on the response. 
2026-03-22 22:48:37.092 [WRN] 0HNK859B2G3Q1:00000005 Microsoft.AspNetCore.Watch.BrowserRefresh.BrowserRefreshMiddleware Unable to configure browser refresh script injection on the response. Consider manually adding '<script src="/_framework/aspnetcore-browser-refresh.js"></script>' to the body of the page.
2026-03-22 22:48:38.178 [INF] 0HNK859B2G3Q1:00000007 WorkManagement.Web.Middleware.RequestLoggingMiddleware HTTP GET /login-google started | RequestId: 0HNK859B2G3Q1:00000007 | IP: ::1 | User: anonymous
2026-03-22 22:48:38.249 [INF] 0HNK859B2G3Q1:00000007 WorkManagement.Web.Middleware.RequestLoggingMiddleware HTTP GET /login-google 302 completed in 71ms | RequestId: 0HNK859B2G3Q1:00000007
2026-03-22 22:49:18.237 [INF] 0HNK859B2G3Q1:00000009 WorkManagement.Web.Middleware.RequestLoggingMiddleware HTTP GET / started | RequestId: 0HNK859B2G3Q1:00000009 | IP: ::1 | User: anonymous
2026-03-22 22:49:18.326 [INF] 0HNK859B2G3Q1:00000009 WorkManagement.Web.Middleware.RequestLoggingMiddleware HTTP GET / 200 completed in 85ms | RequestId: 0HNK859B2G3Q1:00000009
2026-03-22 22:49:18.342 [WRN] 0HNK859B2G3Q1:00000009 Microsoft.WebTools.BrowserLink.Net.BrowserLinkMiddleware Unable to configure Browser Link script injection on the response. 
2026-03-22 22:49:18.344 [WRN] 0HNK859B2G3Q1:00000009 Microsoft.AspNetCore.Watch.BrowserRefresh.BrowserRefreshMiddleware Unable to configure browser refresh script injection on the response. Consider manually adding '<script src="/_framework/aspnetcore-browser-refresh.js"></script>' to the body of the page.
2026-03-22 22:49:19.754 [INF] 0HNK859B2G3Q1:0000000B WorkManagement.Web.Middleware.RequestLoggingMiddleware HTTP GET /login-google started | RequestId: 0HNK859B2G3Q1:0000000B | IP: ::1 | User: anonymous
2026-03-22 22:49:19.805 [INF] 0HNK859B2G3Q1:0000000B WorkManagement.Web.Middleware.RequestLoggingMiddleware HTTP GET /login-google 302 completed in 51ms | RequestId: 0HNK859B2G3Q1:0000000B
2026-03-22 22:50:53.551 [INF] 0HNK859B2G3Q1:0000000D WorkManagement.Web.Middleware.RequestLoggingMiddleware HTTP GET / started | RequestId: 0HNK859B2G3Q1:0000000D | IP: ::1 | User: anonymous
2026-03-22 22:50:53.611 [INF] 0HNK859B2G3Q1:0000000D WorkManagement.Web.Middleware.RequestLoggingMiddleware HTTP GET / 200 completed in 57ms | RequestId: 0HNK859B2G3Q1:0000000D
2026-03-22 22:50:53.634 [WRN] 0HNK859B2G3Q1:0000000D Microsoft.WebTools.BrowserLink.Net.BrowserLinkMiddleware Unable to configure Browser Link script injection on the response. 
2026-03-22 22:50:53.635 [WRN] 0HNK859B2G3Q1:0000000D Microsoft.AspNetCore.Watch.BrowserRefresh.BrowserRefreshMiddleware Unable to configure browser refresh script injection on the response. Consider manually adding '<script src="/_framework/aspnetcore-browser-refresh.js"></script>' to the body of the page.
2026-03-22 22:50:55.149 [INF] 0HNK859B2G3Q1:0000000F WorkManagement.Web.Middleware.RequestLoggingMiddleware HTTP GET / started | RequestId: 0HNK859B2G3Q1:0000000F | IP: ::1 | User: anonymous
2026-03-22 22:50:55.217 [INF] 0HNK859B2G3Q1:0000000F WorkManagement.Web.Middleware.RequestLoggingMiddleware HTTP GET / 200 completed in 67ms | RequestId: 0HNK859B2G3Q1:0000000F
2026-03-22 22:50:55.225 [WRN] 0HNK859B2G3Q1:0000000F Microsoft.WebTools.BrowserLink.Net.BrowserLinkMiddleware Unable to configure Browser Link script injection on the response. 
2026-03-22 22:50:55.228 [WRN] 0HNK859B2G3Q1:0000000F Microsoft.AspNetCore.Watch.BrowserRefresh.BrowserRefreshMiddleware Unable to configure browser refresh script injection on the response. Consider manually adding '<script src="/_framework/aspnetcore-browser-refresh.js"></script>' to the body of the page.
2026-03-22 22:50:56.575 [INF] 0HNK859B2G3Q1:00000013 WorkManagement.Web.Middleware.RequestLoggingMiddleware HTTP GET /login-google started | RequestId: 0HNK859B2G3Q1:00000013 | IP: ::1 | User: anonymous
2026-03-22 22:50:56.633 [INF] 0HNK859B2G3Q1:00000013 WorkManagement.Web.Middleware.RequestLoggingMiddleware HTTP GET /login-google 302 completed in 58ms | RequestId: 0HNK859B2G3Q1:00000013
2026-03-22 22:53:39.816 [INF] 0HNK859B2G3Q1:00000015 WorkManagement.Web.Middleware.RequestLoggingMiddleware HTTP GET / started | RequestId: 0HNK859B2G3Q1:00000015 | IP: ::1 | User: anonymous
2026-03-22 22:53:39.870 [INF] 0HNK859B2G3Q1:00000015 WorkManagement.Web.Middleware.RequestLoggingMiddleware HTTP GET / 200 completed in 53ms | RequestId: 0HNK859B2G3Q1:00000015
2026-03-22 22:53:39.899 [WRN] 0HNK859B2G3Q1:00000015 Microsoft.WebTools.BrowserLink.Net.BrowserLinkMiddleware Unable to configure Browser Link script injection on the response. 
2026-03-22 22:53:39.900 [WRN] 0HNK859B2G3Q1:00000015 Microsoft.AspNetCore.Watch.BrowserRefresh.BrowserRefreshMiddleware Unable to configure browser refresh script injection on the response. Consider manually adding '<script src="/_framework/aspnetcore-browser-refresh.js"></script>' to the body of the page.
2026-03-22 22:55:02.228 [INF] 0HNK859B2G3Q1:00000017 WorkManagement.Web.Middleware.RequestLoggingMiddleware HTTP GET /login-google started | RequestId: 0HNK859B2G3Q1:00000017 | IP: ::1 | User: anonymous
2026-03-22 22:55:02.284 [INF] 0HNK859B2G3Q1:00000017 WorkManagement.Web.Middleware.RequestLoggingMiddleware HTTP GET /login-google 302 completed in 56ms | RequestId: 0HNK859B2G3Q1:00000017
2026-03-22 22:55:08.312 [INF] 0HNK859B2G3Q1:00000019 WorkManagement.Web.Middleware.RequestLoggingMiddleware HTTP GET /signin-google started | RequestId: 0HNK859B2G3Q1:00000019 | IP: ::1 | User: anonymous
2026-03-22 22:55:09.252 [ERR] 0HNK859B2G3Q1:00000019 WorkManagement.Web.Middleware.RequestLoggingMiddleware HTTP GET /signin-google FAILED in 939ms | RequestId: 0HNK859B2G3Q1:00000019
System.InvalidOperationException: No authenticationScheme was specified, and there was no DefaultSignInScheme found. The default schemes can be set using either AddAuthentication(string defaultScheme) or AddAuthentication(Action<AuthenticationOptions> configureOptions).
   at Microsoft.AspNetCore.Authentication.AuthenticationService.SignInAsync(HttpContext context, String scheme, ClaimsPrincipal principal, AuthenticationProperties properties)
   at Microsoft.AspNetCore.Authentication.RemoteAuthenticationHandler`1.HandleRequestAsync()
   at Microsoft.AspNetCore.Authentication.AuthenticationMiddleware.Invoke(HttpContext context)
   at WorkManagement.Web.Middleware.RequestLoggingMiddleware.InvokeAsync(HttpContext context) in D:\SPKT\HocKy2\CongNghePhanMem\DoAn\WorkManagement\WorkManagement.Web\Middleware\RequestLoggingMiddleware.cs:line 36
2026-03-22 22:55:09.509 [ERR] 0HNK859B2G3Q1:00000019 WorkManagement.Web.Middleware.WorkManagement.Web.Middleware.GlobalExceptionMiddleware Unhandled exception | RequestId: 0HNK859B2G3Q1:00000019 | Path: /signin-google | Method: GET
System.InvalidOperationException: No authenticationScheme was specified, and there was no DefaultSignInScheme found. The default schemes can be set using either AddAuthentication(string defaultScheme) or AddAuthentication(Action<AuthenticationOptions> configureOptions).
   at Microsoft.AspNetCore.Authentication.AuthenticationService.SignInAsync(HttpContext context, String scheme, ClaimsPrincipal principal, AuthenticationProperties properties)
   at Microsoft.AspNetCore.Authentication.RemoteAuthenticationHandler`1.HandleRequestAsync()
   at Microsoft.AspNetCore.Authentication.AuthenticationMiddleware.Invoke(HttpContext context)
   at WorkManagement.Web.Middleware.RequestLoggingMiddleware.InvokeAsync(HttpContext context) in D:\SPKT\HocKy2\CongNghePhanMem\DoAn\WorkManagement\WorkManagement.Web\Middleware\RequestLoggingMiddleware.cs:line 36
   at WorkManagement.Web.Middleware.WorkManagement.Web.Middleware.GlobalExceptionMiddleware.InvokeAsync(HttpContext context) in D:\SPKT\HocKy2\CongNghePhanMem\DoAn\WorkManagement\WorkManagement.Web\Middleware\GlobalExceptionMiddleware.cs:line 20
2026-03-22 22:55:09.591 [INF] 0HNK859B2G3Q1:0000001B WorkManagement.Web.Middleware.RequestLoggingMiddleware HTTP GET /Home/Error started | RequestId: 0HNK859B2G3Q1:0000001B | IP: ::1 | User: anonymous
2026-03-22 22:55:09.632 [INF] 0HNK859B2G3Q1:0000001B WorkManagement.Web.Middleware.RequestLoggingMiddleware HTTP GET /Home/Error 302 completed in 41ms | RequestId: 0HNK859B2G3Q1:0000001B
2026-03-22 22:55:09.706 [INF] 0HNK859B2G3Q1:0000001D WorkManagement.Web.Middleware.RequestLoggingMiddleware HTTP GET /Account/Login started | RequestId: 0HNK859B2G3Q1:0000001D | IP: ::1 | User: anonymous
2026-03-22 22:55:09.785 [INF] 0HNK859B2G3Q1:0000001D WorkManagement.Web.Middleware.RequestLoggingMiddleware HTTP GET /Account/Login 200 completed in 77ms | RequestId: 0HNK859B2G3Q1:0000001D
2026-03-22 22:55:09.815 [WRN] 0HNK859B2G3Q1:0000001D Microsoft.WebTools.BrowserLink.Net.BrowserLinkMiddleware Unable to configure Browser Link script injection on the response. 
2026-03-22 22:55:09.817 [WRN] 0HNK859B2G3Q1:0000001D Microsoft.AspNetCore.Watch.BrowserRefresh.BrowserRefreshMiddleware Unable to configure browser refresh script injection on the response. Consider manually adding '<script src="/_framework/aspnetcore-browser-refresh.js"></script>' to the body of the page.
2026-03-22 22:55:53.382 [INF] 0HNK859B2G3Q1:0000001F WorkManagement.Web.Middleware.RequestLoggingMiddleware HTTP GET /login-google started | RequestId: 0HNK859B2G3Q1:0000001F | IP: ::1 | User: anonymous
2026-03-22 22:55:53.454 [INF] 0HNK859B2G3Q1:0000001F WorkManagement.Web.Middleware.RequestLoggingMiddleware HTTP GET /login-google 302 completed in 71ms | RequestId: 0HNK859B2G3Q1:0000001F
2026-03-22 22:55:56.635 [INF] 0HNK859B2G3Q1:00000021 WorkManagement.Web.Middleware.RequestLoggingMiddleware HTTP GET /signin-google started | RequestId: 0HNK859B2G3Q1:00000021 | IP: ::1 | User: anonymous
2026-03-22 22:55:56.968 [ERR] 0HNK859B2G3Q1:00000021 WorkManagement.Web.Middleware.RequestLoggingMiddleware HTTP GET /signin-google FAILED in 332ms | RequestId: 0HNK859B2G3Q1:00000021
System.InvalidOperationException: No authenticationScheme was specified, and there was no DefaultSignInScheme found. The default schemes can be set using either AddAuthentication(string defaultScheme) or AddAuthentication(Action<AuthenticationOptions> configureOptions).
   at Microsoft.AspNetCore.Authentication.AuthenticationService.SignInAsync(HttpContext context, String scheme, ClaimsPrincipal principal, AuthenticationProperties properties)
   at Microsoft.AspNetCore.Authentication.RemoteAuthenticationHandler`1.HandleRequestAsync()
   at Microsoft.AspNetCore.Authentication.AuthenticationMiddleware.Invoke(HttpContext context)
   at WorkManagement.Web.Middleware.RequestLoggingMiddleware.InvokeAsync(HttpContext context) in D:\SPKT\HocKy2\CongNghePhanMem\DoAn\WorkManagement\WorkManagement.Web\Middleware\RequestLoggingMiddleware.cs:line 36
2026-03-22 22:55:57.116 [ERR] 0HNK859B2G3Q1:00000021 WorkManagement.Web.Middleware.WorkManagement.Web.Middleware.GlobalExceptionMiddleware Unhandled exception | RequestId: 0HNK859B2G3Q1:00000021 | Path: /signin-google | Method: GET
System.InvalidOperationException: No authenticationScheme was specified, and there was no DefaultSignInScheme found. The default schemes can be set using either AddAuthentication(string defaultScheme) or AddAuthentication(Action<AuthenticationOptions> configureOptions).
   at Microsoft.AspNetCore.Authentication.AuthenticationService.SignInAsync(HttpContext context, String scheme, ClaimsPrincipal principal, AuthenticationProperties properties)
   at Microsoft.AspNetCore.Authentication.RemoteAuthenticationHandler`1.HandleRequestAsync()
   at Microsoft.AspNetCore.Authentication.AuthenticationMiddleware.Invoke(HttpContext context)
   at WorkManagement.Web.Middleware.RequestLoggingMiddleware.InvokeAsync(HttpContext context) in D:\SPKT\HocKy2\CongNghePhanMem\DoAn\WorkManagement\WorkManagement.Web\Middleware\RequestLoggingMiddleware.cs:line 36
   at WorkManagement.Web.Middleware.WorkManagement.Web.Middleware.GlobalExceptionMiddleware.InvokeAsync(HttpContext context) in D:\SPKT\HocKy2\CongNghePhanMem\DoAn\WorkManagement\WorkManagement.Web\Middleware\GlobalExceptionMiddleware.cs:line 20
2026-03-22 22:55:57.195 [INF] 0HNK859B2G3Q1:00000023 WorkManagement.Web.Middleware.RequestLoggingMiddleware HTTP GET /Home/Error started | RequestId: 0HNK859B2G3Q1:00000023 | IP: ::1 | User: anonymous
2026-03-22 22:55:57.212 [INF] 0HNK859B2G3Q1:00000023 WorkManagement.Web.Middleware.RequestLoggingMiddleware HTTP GET /Home/Error 302 completed in 16ms | RequestId: 0HNK859B2G3Q1:00000023
2026-03-22 22:55:57.303 [INF] 0HNK859B2G3Q1:00000025 WorkManagement.Web.Middleware.RequestLoggingMiddleware HTTP GET /Account/Login started | RequestId: 0HNK859B2G3Q1:00000025 | IP: ::1 | User: anonymous
2026-03-22 22:55:57.362 [INF] 0HNK859B2G3Q1:00000025 WorkManagement.Web.Middleware.RequestLoggingMiddleware HTTP GET /Account/Login 200 completed in 59ms | RequestId: 0HNK859B2G3Q1:00000025
2026-03-22 22:55:57.380 [WRN] 0HNK859B2G3Q1:00000025 Microsoft.WebTools.BrowserLink.Net.BrowserLinkMiddleware Unable to configure Browser Link script injection on the response. 
2026-03-22 22:55:57.381 [WRN] 0HNK859B2G3Q1:00000025 Microsoft.AspNetCore.Watch.BrowserRefresh.BrowserRefreshMiddleware Unable to configure browser refresh script injection on the response. Consider manually adding '<script src="/_framework/aspnetcore-browser-refresh.js"></script>' to the body of the page.
2026-03-22 22:56:38.148 [INF] 0HNK859B2G3Q1:00000027 WorkManagement.Web.Middleware.RequestLoggingMiddleware HTTP GET /.well-known/appspecific/com.chrome.devtools.json started | RequestId: 0HNK859B2G3Q1:00000027 | IP: ::1 | User: anonymous
2026-03-22 22:56:38.154 [INF] 0HNK859B2G3Q1:00000027 WorkManagement.Web.Middleware.RequestLoggingMiddleware HTTP GET /.well-known/appspecific/com.chrome.devtools.json 404 completed in 5ms | RequestId: 0HNK859B2G3Q1:00000027
2026-03-22 22:56:40.547 [INF] 0HNK859B2G3Q1:00000029 WorkManagement.Web.Middleware.RequestLoggingMiddleware HTTP GET /login-google started | RequestId: 0HNK859B2G3Q1:00000029 | IP: ::1 | User: anonymous
2026-03-22 22:56:40.606 [INF] 0HNK859B2G3Q1:00000029 WorkManagement.Web.Middleware.RequestLoggingMiddleware HTTP GET /login-google 302 completed in 58ms | RequestId: 0HNK859B2G3Q1:00000029
2026-03-22 22:59:47.575 [INF]  WorkManagement.Infrastructure.BackgroundJobs.DeadlineReminderJob DeadlineReminderJob started.
2026-03-22 22:59:48.096 [INF]  WorkManagement.Infrastructure.BackgroundJobs.NotificationBackgroundJob NotificationBackgroundJob started.
2026-03-22 22:59:50.600 [INF] 0HNK85G5TF96S:00000001 WorkManagement.Web.Middleware.RequestLoggingMiddleware HTTP GET / started | RequestId: 0HNK85G5TF96S:00000001 | IP: ::1 | User: anonymous
2026-03-22 22:59:51.837 [INF] 0HNK85G5TF96S:00000001 WorkManagement.Web.Middleware.RequestLoggingMiddleware HTTP GET / 200 completed in 1246ms | RequestId: 0HNK85G5TF96S:00000001
2026-03-22 22:59:51.873 [WRN] 0HNK85G5TF96S:00000001 Microsoft.WebTools.BrowserLink.Net.BrowserLinkMiddleware Unable to configure Browser Link script injection on the response. 
2026-03-22 22:59:51.887 [WRN] 0HNK85G5TF96S:00000001 Microsoft.AspNetCore.Watch.BrowserRefresh.BrowserRefreshMiddleware Unable to configure browser refresh script injection on the response. Consider manually adding '<script src="/_framework/aspnetcore-browser-refresh.js"></script>' to the body of the page.
2026-03-22 23:00:01.417 [INF] 0HNK85G5TF96S:00000003 WorkManagement.Web.Middleware.RequestLoggingMiddleware HTTP GET /login-google started | RequestId: 0HNK85G5TF96S:00000003 | IP: ::1 | User: anonymous
2026-03-22 23:00:01.536 [INF] 0HNK85G5TF96S:00000003 WorkManagement.Web.Middleware.RequestLoggingMiddleware HTTP GET /login-google 302 completed in 119ms | RequestId: 0HNK85G5TF96S:00000003
2026-03-22 23:00:05.277 [INF] 0HNK85G5TF96S:00000005 WorkManagement.Web.Middleware.RequestLoggingMiddleware HTTP GET /signin-google started | RequestId: 0HNK85G5TF96S:00000005 | IP: ::1 | User: anonymous
2026-03-22 23:00:06.223 [ERR] 0HNK85G5TF96S:00000005 WorkManagement.Web.Middleware.RequestLoggingMiddleware HTTP GET /signin-google FAILED in 946ms | RequestId: 0HNK85G5TF96S:00000005
System.InvalidOperationException: No authenticationScheme was specified, and there was no DefaultSignInScheme found. The default schemes can be set using either AddAuthentication(string defaultScheme) or AddAuthentication(Action<AuthenticationOptions> configureOptions).
   at Microsoft.AspNetCore.Authentication.AuthenticationService.SignInAsync(HttpContext context, String scheme, ClaimsPrincipal principal, AuthenticationProperties properties)
   at Microsoft.AspNetCore.Authentication.RemoteAuthenticationHandler`1.HandleRequestAsync()
   at Microsoft.AspNetCore.Authentication.AuthenticationMiddleware.Invoke(HttpContext context)
   at WorkManagement.Web.Middleware.RequestLoggingMiddleware.InvokeAsync(HttpContext context) in D:\SPKT\HocKy2\CongNghePhanMem\DoAn\WorkManagement\WorkManagement.Web\Middleware\RequestLoggingMiddleware.cs:line 36
2026-03-22 23:00:06.469 [ERR] 0HNK85G5TF96S:00000005 WorkManagement.Web.Middleware.WorkManagement.Web.Middleware.GlobalExceptionMiddleware Unhandled exception | RequestId: 0HNK85G5TF96S:00000005 | Path: /signin-google | Method: GET
System.InvalidOperationException: No authenticationScheme was specified, and there was no DefaultSignInScheme found. The default schemes can be set using either AddAuthentication(string defaultScheme) or AddAuthentication(Action<AuthenticationOptions> configureOptions).
   at Microsoft.AspNetCore.Authentication.AuthenticationService.SignInAsync(HttpContext context, String scheme, ClaimsPrincipal principal, AuthenticationProperties properties)
   at Microsoft.AspNetCore.Authentication.RemoteAuthenticationHandler`1.HandleRequestAsync()
   at Microsoft.AspNetCore.Authentication.AuthenticationMiddleware.Invoke(HttpContext context)
   at WorkManagement.Web.Middleware.RequestLoggingMiddleware.InvokeAsync(HttpContext context) in D:\SPKT\HocKy2\CongNghePhanMem\DoAn\WorkManagement\WorkManagement.Web\Middleware\RequestLoggingMiddleware.cs:line 36
   at WorkManagement.Web.Middleware.WorkManagement.Web.Middleware.GlobalExceptionMiddleware.InvokeAsync(HttpContext context) in D:\SPKT\HocKy2\CongNghePhanMem\DoAn\WorkManagement\WorkManagement.Web\Middleware\GlobalExceptionMiddleware.cs:line 20
2026-03-22 23:00:06.554 [INF] 0HNK85G5TF96S:00000007 WorkManagement.Web.Middleware.RequestLoggingMiddleware HTTP GET /Home/Error started | RequestId: 0HNK85G5TF96S:00000007 | IP: ::1 | User: anonymous
2026-03-22 23:00:06.584 [INF] 0HNK85G5TF96S:00000007 WorkManagement.Web.Middleware.RequestLoggingMiddleware HTTP GET /Home/Error 302 completed in 29ms | RequestId: 0HNK85G5TF96S:00000007
2026-03-22 23:00:06.661 [INF] 0HNK85G5TF96S:00000009 WorkManagement.Web.Middleware.RequestLoggingMiddleware HTTP GET /Account/Login started | RequestId: 0HNK85G5TF96S:00000009 | IP: ::1 | User: anonymous
2026-03-22 23:00:06.743 [INF] 0HNK85G5TF96S:00000009 WorkManagement.Web.Middleware.RequestLoggingMiddleware HTTP GET /Account/Login 200 completed in 80ms | RequestId: 0HNK85G5TF96S:00000009
2026-03-22 23:00:06.752 [WRN] 0HNK85G5TF96S:00000009 Microsoft.WebTools.BrowserLink.Net.BrowserLinkMiddleware Unable to configure Browser Link script injection on the response. 
2026-03-22 23:00:06.755 [WRN] 0HNK85G5TF96S:00000009 Microsoft.AspNetCore.Watch.BrowserRefresh.BrowserRefreshMiddleware Unable to configure browser refresh script injection on the response. Consider manually adding '<script src="/_framework/aspnetcore-browser-refresh.js"></script>' to the body of the page.
2026-03-22 23:00:54.374 [INF]  WorkManagement.Infrastructure.BackgroundJobs.DeadlineReminderJob DeadlineReminderJob started.
2026-03-22 23:00:54.800 [INF]  WorkManagement.Infrastructure.BackgroundJobs.NotificationBackgroundJob NotificationBackgroundJob started.
2026-03-22 23:00:57.305 [INF] 0HNK85GPPCAVK:00000001 WorkManagement.Web.Middleware.RequestLoggingMiddleware HTTP GET / started | RequestId: 0HNK85GPPCAVK:00000001 | IP: ::1 | User: anonymous
2026-03-22 23:00:58.480 [INF] 0HNK85GPPCAVK:00000001 WorkManagement.Web.Middleware.RequestLoggingMiddleware HTTP GET / 200 completed in 1192ms | RequestId: 0HNK85GPPCAVK:00000001
2026-03-22 23:00:58.519 [WRN] 0HNK85GPPCAVK:00000001 Microsoft.WebTools.BrowserLink.Net.BrowserLinkMiddleware Unable to configure Browser Link script injection on the response. 
2026-03-22 23:00:58.531 [WRN] 0HNK85GPPCAVK:00000001 Microsoft.AspNetCore.Watch.BrowserRefresh.BrowserRefreshMiddleware Unable to configure browser refresh script injection on the response. Consider manually adding '<script src="/_framework/aspnetcore-browser-refresh.js"></script>' to the body of the page.
2026-03-22 23:01:00.266 [INF] 0HNK85GPPCAVK:00000003 WorkManagement.Web.Middleware.RequestLoggingMiddleware HTTP GET /login-google started | RequestId: 0HNK85GPPCAVK:00000003 | IP: ::1 | User: anonymous
2026-03-22 23:01:00.476 [INF] 0HNK85GPPCAVK:00000003 WorkManagement.Web.Middleware.RequestLoggingMiddleware HTTP GET /login-google 302 completed in 210ms | RequestId: 0HNK85GPPCAVK:00000003
2026-03-22 23:01:03.843 [INF] 0HNK85GPPCAVK:00000005 WorkManagement.Web.Middleware.RequestLoggingMiddleware HTTP GET /signin-google started | RequestId: 0HNK85GPPCAVK:00000005 | IP: ::1 | User: anonymous
2026-03-22 23:01:04.640 [ERR] 0HNK85GPPCAVK:00000005 WorkManagement.Web.Middleware.RequestLoggingMiddleware HTTP GET /signin-google FAILED in 797ms | RequestId: 0HNK85GPPCAVK:00000005
System.InvalidOperationException: No authenticationScheme was specified, and there was no DefaultSignInScheme found. The default schemes can be set using either AddAuthentication(string defaultScheme) or AddAuthentication(Action<AuthenticationOptions> configureOptions).
   at Microsoft.AspNetCore.Authentication.AuthenticationService.SignInAsync(HttpContext context, String scheme, ClaimsPrincipal principal, AuthenticationProperties properties)
   at Microsoft.AspNetCore.Authentication.RemoteAuthenticationHandler`1.HandleRequestAsync()
   at Microsoft.AspNetCore.Authentication.AuthenticationMiddleware.Invoke(HttpContext context)
   at WorkManagement.Web.Middleware.RequestLoggingMiddleware.InvokeAsync(HttpContext context) in D:\SPKT\HocKy2\CongNghePhanMem\DoAn\WorkManagement\WorkManagement.Web\Middleware\RequestLoggingMiddleware.cs:line 36
2026-03-22 23:01:04.876 [ERR] 0HNK85GPPCAVK:00000005 WorkManagement.Web.Middleware.WorkManagement.Web.Middleware.GlobalExceptionMiddleware Unhandled exception | RequestId: 0HNK85GPPCAVK:00000005 | Path: /signin-google | Method: GET
System.InvalidOperationException: No authenticationScheme was specified, and there was no DefaultSignInScheme found. The default schemes can be set using either AddAuthentication(string defaultScheme) or AddAuthentication(Action<AuthenticationOptions> configureOptions).
   at Microsoft.AspNetCore.Authentication.AuthenticationService.SignInAsync(HttpContext context, String scheme, ClaimsPrincipal principal, AuthenticationProperties properties)
   at Microsoft.AspNetCore.Authentication.RemoteAuthenticationHandler`1.HandleRequestAsync()
   at Microsoft.AspNetCore.Authentication.AuthenticationMiddleware.Invoke(HttpContext context)
   at WorkManagement.Web.Middleware.RequestLoggingMiddleware.InvokeAsync(HttpContext context) in D:\SPKT\HocKy2\CongNghePhanMem\DoAn\WorkManagement\WorkManagement.Web\Middleware\RequestLoggingMiddleware.cs:line 36
   at WorkManagement.Web.Middleware.WorkManagement.Web.Middleware.GlobalExceptionMiddleware.InvokeAsync(HttpContext context) in D:\SPKT\HocKy2\CongNghePhanMem\DoAn\WorkManagement\WorkManagement.Web\Middleware\GlobalExceptionMiddleware.cs:line 20
2026-03-22 23:01:04.958 [INF] 0HNK85GPPCAVK:00000007 WorkManagement.Web.Middleware.RequestLoggingMiddleware HTTP GET /Home/Error started | RequestId: 0HNK85GPPCAVK:00000007 | IP: ::1 | User: anonymous
2026-03-22 23:01:04.995 [INF] 0HNK85GPPCAVK:00000007 WorkManagement.Web.Middleware.RequestLoggingMiddleware HTTP GET /Home/Error 302 completed in 37ms | RequestId: 0HNK85GPPCAVK:00000007
2026-03-22 23:01:05.069 [INF] 0HNK85GPPCAVK:00000009 WorkManagement.Web.Middleware.RequestLoggingMiddleware HTTP GET /Account/Login started | RequestId: 0HNK85GPPCAVK:00000009 | IP: ::1 | User: anonymous
2026-03-22 23:01:05.149 [INF] 0HNK85GPPCAVK:00000009 WorkManagement.Web.Middleware.RequestLoggingMiddleware HTTP GET /Account/Login 200 completed in 79ms | RequestId: 0HNK85GPPCAVK:00000009
2026-03-22 23:01:05.157 [WRN] 0HNK85GPPCAVK:00000009 Microsoft.WebTools.BrowserLink.Net.BrowserLinkMiddleware Unable to configure Browser Link script injection on the response. 
2026-03-22 23:01:05.161 [WRN] 0HNK85GPPCAVK:00000009 Microsoft.AspNetCore.Watch.BrowserRefresh.BrowserRefreshMiddleware Unable to configure browser refresh script injection on the response. Consider manually adding '<script src="/_framework/aspnetcore-browser-refresh.js"></script>' to the body of the page.
2026-03-22 23:01:59.384 [INF]  WorkManagement.Infrastructure.BackgroundJobs.DeadlineReminderJob DeadlineReminderJob started.
2026-03-22 23:01:59.847 [INF]  WorkManagement.Infrastructure.BackgroundJobs.NotificationBackgroundJob NotificationBackgroundJob started.
2026-03-22 23:02:02.566 [INF] 0HNK85HD4E44M:00000001 WorkManagement.Web.Middleware.RequestLoggingMiddleware HTTP GET / started | RequestId: 0HNK85HD4E44M:00000001 | IP: ::1 | User: anonymous
2026-03-22 23:02:03.717 [INF] 0HNK85HD4E44M:00000001 WorkManagement.Web.Middleware.RequestLoggingMiddleware HTTP GET / 200 completed in 1160ms | RequestId: 0HNK85HD4E44M:00000001
2026-03-22 23:02:03.756 [WRN] 0HNK85HD4E44M:00000001 Microsoft.WebTools.BrowserLink.Net.BrowserLinkMiddleware Unable to configure Browser Link script injection on the response. 
2026-03-22 23:02:03.775 [WRN] 0HNK85HD4E44M:00000001 Microsoft.AspNetCore.Watch.BrowserRefresh.BrowserRefreshMiddleware Unable to configure browser refresh script injection on the response. Consider manually adding '<script src="/_framework/aspnetcore-browser-refresh.js"></script>' to the body of the page.
2026-03-22 23:02:05.558 [INF] 0HNK85HD4E44M:00000003 WorkManagement.Web.Middleware.RequestLoggingMiddleware HTTP GET /login-google started | RequestId: 0HNK85HD4E44M:00000003 | IP: ::1 | User: anonymous
2026-03-22 23:02:05.769 [INF] 0HNK85HD4E44M:00000003 WorkManagement.Web.Middleware.RequestLoggingMiddleware HTTP GET /login-google 302 completed in 211ms | RequestId: 0HNK85HD4E44M:00000003
2026-03-22 23:02:09.183 [INF] 0HNK85HD4E44M:00000005 WorkManagement.Web.Middleware.RequestLoggingMiddleware HTTP GET /signin-google started | RequestId: 0HNK85HD4E44M:00000005 | IP: ::1 | User: anonymous
2026-03-22 23:02:09.864 [INF] 0HNK85HD4E44M:00000005 WorkManagement.Web.Middleware.RequestLoggingMiddleware HTTP GET /signin-google 302 completed in 681ms | RequestId: 0HNK85HD4E44M:00000005
2026-03-22 23:02:09.935 [INF] 0HNK85HD4E44M:00000007 WorkManagement.Web.Middleware.RequestLoggingMiddleware HTTP GET /signin-google started | RequestId: 0HNK85HD4E44M:00000007 | IP: ::1 | User: anonymous
2026-03-22 23:02:10.015 [ERR] 0HNK85HD4E44M:00000007 WorkManagement.Web.Middleware.RequestLoggingMiddleware HTTP GET /signin-google FAILED in 80ms | RequestId: 0HNK85HD4E44M:00000007
Microsoft.AspNetCore.Authentication.AuthenticationFailureException: An error was encountered while handling the remote login.
 ---> Microsoft.AspNetCore.Authentication.AuthenticationFailureException: The oauth state was missing or invalid.
   --- End of inner exception stack trace ---
   at Microsoft.AspNetCore.Authentication.RemoteAuthenticationHandler`1.HandleRequestAsync()
   at Microsoft.AspNetCore.Authentication.AuthenticationMiddleware.Invoke(HttpContext context)
   at WorkManagement.Web.Middleware.RequestLoggingMiddleware.InvokeAsync(HttpContext context) in D:\SPKT\HocKy2\CongNghePhanMem\DoAn\WorkManagement\WorkManagement.Web\Middleware\RequestLoggingMiddleware.cs:line 36
2026-03-22 23:02:10.243 [ERR] 0HNK85HD4E44M:00000007 WorkManagement.Web.Middleware.WorkManagement.Web.Middleware.GlobalExceptionMiddleware Unhandled exception | RequestId: 0HNK85HD4E44M:00000007 | Path: /signin-google | Method: GET
Microsoft.AspNetCore.Authentication.AuthenticationFailureException: An error was encountered while handling the remote login.
 ---> Microsoft.AspNetCore.Authentication.AuthenticationFailureException: The oauth state was missing or invalid.
   --- End of inner exception stack trace ---
   at Microsoft.AspNetCore.Authentication.RemoteAuthenticationHandler`1.HandleRequestAsync()
   at Microsoft.AspNetCore.Authentication.AuthenticationMiddleware.Invoke(HttpContext context)
   at WorkManagement.Web.Middleware.RequestLoggingMiddleware.InvokeAsync(HttpContext context) in D:\SPKT\HocKy2\CongNghePhanMem\DoAn\WorkManagement\WorkManagement.Web\Middleware\RequestLoggingMiddleware.cs:line 36
   at WorkManagement.Web.Middleware.WorkManagement.Web.Middleware.GlobalExceptionMiddleware.InvokeAsync(HttpContext context) in D:\SPKT\HocKy2\CongNghePhanMem\DoAn\WorkManagement\WorkManagement.Web\Middleware\GlobalExceptionMiddleware.cs:line 20
2026-03-22 23:02:10.327 [INF] 0HNK85HD4E44M:00000009 WorkManagement.Web.Middleware.RequestLoggingMiddleware HTTP GET /Home/Error started | RequestId: 0HNK85HD4E44M:00000009 | IP: ::1 | User: anonymous
2026-03-22 23:02:10.356 [INF] 0HNK85HD4E44M:00000009 WorkManagement.Web.Middleware.RequestLoggingMiddleware HTTP GET /Home/Error 302 completed in 29ms | RequestId: 0HNK85HD4E44M:00000009
2026-03-22 23:02:10.455 [INF] 0HNK85HD4E44M:0000000B WorkManagement.Web.Middleware.RequestLoggingMiddleware HTTP GET /Account/Login started | RequestId: 0HNK85HD4E44M:0000000B | IP: ::1 | User: anonymous
2026-03-22 23:02:10.543 [INF] 0HNK85HD4E44M:0000000B WorkManagement.Web.Middleware.RequestLoggingMiddleware HTTP GET /Account/Login 200 completed in 87ms | RequestId: 0HNK85HD4E44M:0000000B
2026-03-22 23:02:10.555 [WRN] 0HNK85HD4E44M:0000000B Microsoft.WebTools.BrowserLink.Net.BrowserLinkMiddleware Unable to configure Browser Link script injection on the response. 
2026-03-22 23:02:10.560 [WRN] 0HNK85HD4E44M:0000000B Microsoft.AspNetCore.Watch.BrowserRefresh.BrowserRefreshMiddleware Unable to configure browser refresh script injection on the response. Consider manually adding '<script src="/_framework/aspnetcore-browser-refresh.js"></script>' to the body of the page.
2026-03-22 23:05:06.382 [INF]  WorkManagement.Infrastructure.BackgroundJobs.DeadlineReminderJob DeadlineReminderJob started.
2026-03-22 23:05:06.812 [INF]  WorkManagement.Infrastructure.BackgroundJobs.NotificationBackgroundJob NotificationBackgroundJob started.
2026-03-22 23:05:09.304 [INF] 0HNK85J4RCA63:00000001 WorkManagement.Web.Middleware.RequestLoggingMiddleware HTTP GET / started | RequestId: 0HNK85J4RCA63:00000001 | IP: ::1 | User: anonymous
2026-03-22 23:05:10.565 [INF] 0HNK85J4RCA63:00000001 WorkManagement.Web.Middleware.RequestLoggingMiddleware HTTP GET / 200 completed in 1271ms | RequestId: 0HNK85J4RCA63:00000001
2026-03-22 23:05:10.607 [WRN] 0HNK85J4RCA63:00000001 Microsoft.WebTools.BrowserLink.Net.BrowserLinkMiddleware Unable to configure Browser Link script injection on the response. 
2026-03-22 23:05:10.635 [WRN] 0HNK85J4RCA63:00000001 Microsoft.AspNetCore.Watch.BrowserRefresh.BrowserRefreshMiddleware Unable to configure browser refresh script injection on the response. Consider manually adding '<script src="/_framework/aspnetcore-browser-refresh.js"></script>' to the body of the page.
2026-03-22 23:05:13.122 [INF] 0HNK85J4RCA63:00000003 WorkManagement.Web.Middleware.RequestLoggingMiddleware HTTP GET /login-google started | RequestId: 0HNK85J4RCA63:00000003 | IP: ::1 | User: anonymous
2026-03-22 23:05:13.316 [INF] 0HNK85J4RCA63:00000003 WorkManagement.Web.Middleware.RequestLoggingMiddleware HTTP GET /login-google 302 completed in 195ms | RequestId: 0HNK85J4RCA63:00000003
2026-03-22 23:05:16.633 [INF] 0HNK85J4RCA63:00000005 WorkManagement.Web.Middleware.RequestLoggingMiddleware HTTP GET /signin-google started | RequestId: 0HNK85J4RCA63:00000005 | IP: ::1 | User: anonymous
2026-03-22 23:05:17.308 [INF] 0HNK85J4RCA63:00000005 WorkManagement.Web.Middleware.RequestLoggingMiddleware HTTP GET /signin-google 302 completed in 674ms | RequestId: 0HNK85J4RCA63:00000005
2026-03-22 23:05:17.391 [INF] 0HNK85J4RCA63:00000007 WorkManagement.Web.Middleware.RequestLoggingMiddleware HTTP GET /signin-google started | RequestId: 0HNK85J4RCA63:00000007 | IP: ::1 | User: anonymous
2026-03-22 23:05:17.469 [ERR] 0HNK85J4RCA63:00000007 WorkManagement.Web.Middleware.RequestLoggingMiddleware HTTP GET /signin-google FAILED in 78ms | RequestId: 0HNK85J4RCA63:00000007
Microsoft.AspNetCore.Authentication.AuthenticationFailureException: An error was encountered while handling the remote login.
 ---> Microsoft.AspNetCore.Authentication.AuthenticationFailureException: The oauth state was missing or invalid.
   --- End of inner exception stack trace ---
   at Microsoft.AspNetCore.Authentication.RemoteAuthenticationHandler`1.HandleRequestAsync()
   at Microsoft.AspNetCore.Authentication.AuthenticationMiddleware.Invoke(HttpContext context)
   at WorkManagement.Web.Middleware.RequestLoggingMiddleware.InvokeAsync(HttpContext context) in D:\SPKT\HocKy2\CongNghePhanMem\DoAn\WorkManagement\WorkManagement.Web\Middleware\RequestLoggingMiddleware.cs:line 36
2026-03-22 23:05:17.682 [ERR] 0HNK85J4RCA63:00000007 WorkManagement.Web.Middleware.WorkManagement.Web.Middleware.GlobalExceptionMiddleware Unhandled exception | RequestId: 0HNK85J4RCA63:00000007 | Path: /signin-google | Method: GET
Microsoft.AspNetCore.Authentication.AuthenticationFailureException: An error was encountered while handling the remote login.
 ---> Microsoft.AspNetCore.Authentication.AuthenticationFailureException: The oauth state was missing or invalid.
   --- End of inner exception stack trace ---
   at Microsoft.AspNetCore.Authentication.RemoteAuthenticationHandler`1.HandleRequestAsync()
   at Microsoft.AspNetCore.Authentication.AuthenticationMiddleware.Invoke(HttpContext context)
   at WorkManagement.Web.Middleware.RequestLoggingMiddleware.InvokeAsync(HttpContext context) in D:\SPKT\HocKy2\CongNghePhanMem\DoAn\WorkManagement\WorkManagement.Web\Middleware\RequestLoggingMiddleware.cs:line 36
   at WorkManagement.Web.Middleware.WorkManagement.Web.Middleware.GlobalExceptionMiddleware.InvokeAsync(HttpContext context) in D:\SPKT\HocKy2\CongNghePhanMem\DoAn\WorkManagement\WorkManagement.Web\Middleware\GlobalExceptionMiddleware.cs:line 20
2026-03-22 23:05:17.769 [INF] 0HNK85J4RCA63:00000009 WorkManagement.Web.Middleware.RequestLoggingMiddleware HTTP GET /Home/Error started | RequestId: 0HNK85J4RCA63:00000009 | IP: ::1 | User: anonymous
2026-03-22 23:05:17.804 [INF] 0HNK85J4RCA63:00000009 WorkManagement.Web.Middleware.RequestLoggingMiddleware HTTP GET /Home/Error 302 completed in 35ms | RequestId: 0HNK85J4RCA63:00000009
2026-03-22 23:05:17.880 [INF] 0HNK85J4RCA63:0000000B WorkManagement.Web.Middleware.RequestLoggingMiddleware HTTP GET /Account/Login started | RequestId: 0HNK85J4RCA63:0000000B | IP: ::1 | User: anonymous
2026-03-22 23:05:17.960 [INF] 0HNK85J4RCA63:0000000B WorkManagement.Web.Middleware.RequestLoggingMiddleware HTTP GET /Account/Login 200 completed in 79ms | RequestId: 0HNK85J4RCA63:0000000B
2026-03-22 23:05:17.972 [WRN] 0HNK85J4RCA63:0000000B Microsoft.WebTools.BrowserLink.Net.BrowserLinkMiddleware Unable to configure Browser Link script injection on the response. 
2026-03-22 23:05:17.976 [WRN] 0HNK85J4RCA63:0000000B Microsoft.AspNetCore.Watch.BrowserRefresh.BrowserRefreshMiddleware Unable to configure browser refresh script injection on the response. Consider manually adding '<script src="/_framework/aspnetcore-browser-refresh.js"></script>' to the body of the page.
2026-03-22 23:12:13.270 [INF]  WorkManagement.Infrastructure.BackgroundJobs.DeadlineReminderJob DeadlineReminderJob started.
2026-03-22 23:12:13.710 [INF]  WorkManagement.Infrastructure.BackgroundJobs.NotificationBackgroundJob NotificationBackgroundJob started.
2026-03-22 23:12:16.179 [INF] 0HNK85N461B8H:00000001 WorkManagement.Web.Middleware.RequestLoggingMiddleware HTTP GET / started | RequestId: 0HNK85N461B8H:00000001 | IP: ::1 | User: anonymous
2026-03-22 23:12:17.117 [INF] 0HNK85N461B8H:00000001 WorkManagement.Web.Middleware.RequestLoggingMiddleware HTTP GET / 200 completed in 944ms | RequestId: 0HNK85N461B8H:00000001
2026-03-22 23:12:17.156 [WRN] 0HNK85N461B8H:00000001 Microsoft.WebTools.BrowserLink.Net.BrowserLinkMiddleware Unable to configure Browser Link script injection on the response. 
2026-03-22 23:12:17.169 [WRN] 0HNK85N461B8H:00000001 Microsoft.AspNetCore.Watch.BrowserRefresh.BrowserRefreshMiddleware Unable to configure browser refresh script injection on the response. Consider manually adding '<script src="/_framework/aspnetcore-browser-refresh.js"></script>' to the body of the page.
2026-03-22 23:12:18.689 [INF] 0HNK85N461B8H:00000003 WorkManagement.Web.Middleware.RequestLoggingMiddleware HTTP GET /login-google started | RequestId: 0HNK85N461B8H:00000003 | IP: ::1 | User: anonymous
2026-03-22 23:12:18.883 [INF] 0HNK85N461B8H:00000003 WorkManagement.Web.Middleware.RequestLoggingMiddleware HTTP GET /login-google 302 completed in 193ms | RequestId: 0HNK85N461B8H:00000003
2026-03-22 23:12:51.361 [INF]  WorkManagement.Infrastructure.BackgroundJobs.DeadlineReminderJob DeadlineReminderJob started.
2026-03-22 23:12:51.803 [INF]  WorkManagement.Infrastructure.BackgroundJobs.NotificationBackgroundJob NotificationBackgroundJob started.
2026-03-22 23:12:54.056 [INF] 0HNK85NFDHSRB:00000001 WorkManagement.Web.Middleware.RequestLoggingMiddleware HTTP GET / started | RequestId: 0HNK85NFDHSRB:00000001 | IP: ::1 | User: anonymous
2026-03-22 23:12:55.165 [INF] 0HNK85NFDHSRB:00000001 WorkManagement.Web.Middleware.RequestLoggingMiddleware HTTP GET / 200 completed in 1124ms | RequestId: 0HNK85NFDHSRB:00000001
2026-03-22 23:12:55.187 [WRN] 0HNK85NFDHSRB:00000001 Microsoft.WebTools.BrowserLink.Net.BrowserLinkMiddleware Unable to configure Browser Link script injection on the response. 
2026-03-22 23:12:55.193 [WRN] 0HNK85NFDHSRB:00000001 Microsoft.AspNetCore.Watch.BrowserRefresh.BrowserRefreshMiddleware Unable to configure browser refresh script injection on the response. Consider manually adding '<script src="/_framework/aspnetcore-browser-refresh.js"></script>' to the body of the page.
2026-03-22 23:12:56.186 [INF] 0HNK85NFDHSRB:00000003 WorkManagement.Web.Middleware.RequestLoggingMiddleware HTTP GET /login-google started | RequestId: 0HNK85NFDHSRB:00000003 | IP: ::1 | User: anonymous
2026-03-22 23:12:56.351 [INF] 0HNK85NFDHSRB:00000003 WorkManagement.Web.Middleware.RequestLoggingMiddleware HTTP GET /login-google 302 completed in 165ms | RequestId: 0HNK85NFDHSRB:00000003
2026-03-22 23:13:44.977 [INF] 0HNK85NFDHSRB:00000005 WorkManagement.Web.Middleware.RequestLoggingMiddleware HTTP GET / started | RequestId: 0HNK85NFDHSRB:00000005 | IP: ::1 | User: anonymous
2026-03-22 23:13:45.059 [INF] 0HNK85NFDHSRB:00000005 WorkManagement.Web.Middleware.RequestLoggingMiddleware HTTP GET / 200 completed in 82ms | RequestId: 0HNK85NFDHSRB:00000005
2026-03-22 23:13:45.068 [WRN] 0HNK85NFDHSRB:00000005 Microsoft.WebTools.BrowserLink.Net.BrowserLinkMiddleware Unable to configure Browser Link script injection on the response. 
2026-03-22 23:13:45.072 [WRN] 0HNK85NFDHSRB:00000005 Microsoft.AspNetCore.Watch.BrowserRefresh.BrowserRefreshMiddleware Unable to configure browser refresh script injection on the response. Consider manually adding '<script src="/_framework/aspnetcore-browser-refresh.js"></script>' to the body of the page.
2026-03-22 23:13:46.403 [INF] 0HNK85NFDHSRB:00000007 WorkManagement.Web.Middleware.RequestLoggingMiddleware HTTP GET /login-google started | RequestId: 0HNK85NFDHSRB:00000007 | IP: ::1 | User: anonymous
2026-03-22 23:13:46.454 [INF] 0HNK85NFDHSRB:00000007 WorkManagement.Web.Middleware.RequestLoggingMiddleware HTTP GET /login-google 302 completed in 51ms | RequestId: 0HNK85NFDHSRB:00000007
2026-03-22 23:13:56.202 [INF] 0HNK85NFDHSRB:00000009 WorkManagement.Web.Middleware.RequestLoggingMiddleware HTTP GET / started | RequestId: 0HNK85NFDHSRB:00000009 | IP: ::1 | User: anonymous
2026-03-22 23:13:56.309 [INF] 0HNK85NFDHSRB:00000009 WorkManagement.Web.Middleware.RequestLoggingMiddleware HTTP GET / 200 completed in 106ms | RequestId: 0HNK85NFDHSRB:00000009
2026-03-22 23:13:56.324 [WRN] 0HNK85NFDHSRB:00000009 Microsoft.WebTools.BrowserLink.Net.BrowserLinkMiddleware Unable to configure Browser Link script injection on the response. 
2026-03-22 23:13:56.334 [WRN] 0HNK85NFDHSRB:00000009 Microsoft.AspNetCore.Watch.BrowserRefresh.BrowserRefreshMiddleware Unable to configure browser refresh script injection on the response. Consider manually adding '<script src="/_framework/aspnetcore-browser-refresh.js"></script>' to the body of the page.
2026-03-22 23:13:58.981 [INF] 0HNK85NFDHSRB:0000000B WorkManagement.Web.Middleware.RequestLoggingMiddleware HTTP GET / started | RequestId: 0HNK85NFDHSRB:0000000B | IP: ::1 | User: anonymous
2026-03-22 23:13:59.052 [INF] 0HNK85NFDHSRB:0000000B WorkManagement.Web.Middleware.RequestLoggingMiddleware HTTP GET / 200 completed in 71ms | RequestId: 0HNK85NFDHSRB:0000000B
2026-03-22 23:13:59.063 [WRN] 0HNK85NFDHSRB:0000000B Microsoft.WebTools.BrowserLink.Net.BrowserLinkMiddleware Unable to configure Browser Link script injection on the response. 
2026-03-22 23:13:59.069 [WRN] 0HNK85NFDHSRB:0000000B Microsoft.AspNetCore.Watch.BrowserRefresh.BrowserRefreshMiddleware Unable to configure browser refresh script injection on the response. Consider manually adding '<script src="/_framework/aspnetcore-browser-refresh.js"></script>' to the body of the page.
2026-03-22 23:14:00.886 [INF] 0HNK85NFDHSRB:0000000D WorkManagement.Web.Middleware.RequestLoggingMiddleware HTTP GET /login-google started | RequestId: 0HNK85NFDHSRB:0000000D | IP: ::1 | User: anonymous
2026-03-22 23:14:00.981 [INF] 0HNK85NFDHSRB:0000000D WorkManagement.Web.Middleware.RequestLoggingMiddleware HTTP GET /login-google 302 completed in 95ms | RequestId: 0HNK85NFDHSRB:0000000D
2026-03-22 23:15:03.517 [INF] 0HNK85NFDHSRB:0000000F WorkManagement.Web.Middleware.RequestLoggingMiddleware HTTP GET / started | RequestId: 0HNK85NFDHSRB:0000000F | IP: ::1 | User: anonymous
2026-03-22 23:15:03.595 [INF] 0HNK85NFDHSRB:0000000F WorkManagement.Web.Middleware.RequestLoggingMiddleware HTTP GET / 200 completed in 78ms | RequestId: 0HNK85NFDHSRB:0000000F
2026-03-22 23:15:03.604 [WRN] 0HNK85NFDHSRB:0000000F Microsoft.WebTools.BrowserLink.Net.BrowserLinkMiddleware Unable to configure Browser Link script injection on the response. 
2026-03-22 23:15:03.608 [WRN] 0HNK85NFDHSRB:0000000F Microsoft.AspNetCore.Watch.BrowserRefresh.BrowserRefreshMiddleware Unable to configure browser refresh script injection on the response. Consider manually adding '<script src="/_framework/aspnetcore-browser-refresh.js"></script>' to the body of the page.
2026-03-22 23:15:06.233 [INF] 0HNK85NFDHSRB:00000011 WorkManagement.Web.Middleware.RequestLoggingMiddleware HTTP GET / started | RequestId: 0HNK85NFDHSRB:00000011 | IP: ::1 | User: anonymous
2026-03-22 23:15:06.287 [INF] 0HNK85NFDHSRB:00000011 WorkManagement.Web.Middleware.RequestLoggingMiddleware HTTP GET / 200 completed in 53ms | RequestId: 0HNK85NFDHSRB:00000011
2026-03-22 23:15:06.302 [WRN] 0HNK85NFDHSRB:00000011 Microsoft.WebTools.BrowserLink.Net.BrowserLinkMiddleware Unable to configure Browser Link script injection on the response. 
2026-03-22 23:15:06.305 [WRN] 0HNK85NFDHSRB:00000011 Microsoft.AspNetCore.Watch.BrowserRefresh.BrowserRefreshMiddleware Unable to configure browser refresh script injection on the response. Consider manually adding '<script src="/_framework/aspnetcore-browser-refresh.js"></script>' to the body of the page.
2026-03-22 23:15:09.277 [INF] 0HNK85NFDHSRB:00000013 WorkManagement.Web.Middleware.RequestLoggingMiddleware HTTP GET /Swagger started | RequestId: 0HNK85NFDHSRB:00000013 | IP: ::1 | User: anonymous
2026-03-22 23:15:09.292 [INF] 0HNK85NFDHSRB:00000013 WorkManagement.Web.Middleware.RequestLoggingMiddleware HTTP GET /Swagger 301 completed in 14ms | RequestId: 0HNK85NFDHSRB:00000013
2026-03-22 23:15:09.376 [INF] 0HNK85NFDHSRB:00000015 WorkManagement.Web.Middleware.RequestLoggingMiddleware HTTP GET /Swagger/index.html started | RequestId: 0HNK85NFDHSRB:00000015 | IP: ::1 | User: anonymous
2026-03-22 23:15:09.494 [INF] 0HNK85NFDHSRB:00000015 WorkManagement.Web.Middleware.RequestLoggingMiddleware HTTP GET /Swagger/index.html 200 completed in 118ms | RequestId: 0HNK85NFDHSRB:00000015
2026-03-22 23:15:09.580 [INF] 0HNK85NFDHSRB:00000019 WorkManagement.Web.Middleware.RequestLoggingMiddleware HTTP GET /Swagger/index.css started | RequestId: 0HNK85NFDHSRB:00000019 | IP: ::1 | User: anonymous
2026-03-22 23:15:09.593 [INF] 0HNK85NFDHSRB:0000001D WorkManagement.Web.Middleware.RequestLoggingMiddleware HTTP GET /Swagger/swagger-ui-standalone-preset.js started | RequestId: 0HNK85NFDHSRB:0000001D | IP: ::1 | User: anonymous
2026-03-22 23:15:09.580 [INF] 0HNK85NFDHSRB:00000017 WorkManagement.Web.Middleware.RequestLoggingMiddleware HTTP GET /Swagger/swagger-ui.css started | RequestId: 0HNK85NFDHSRB:00000017 | IP: ::1 | User: anonymous
2026-03-22 23:15:09.580 [INF] 0HNK85NFDHSRB:0000001B WorkManagement.Web.Middleware.RequestLoggingMiddleware HTTP GET /Swagger/swagger-ui-bundle.js started | RequestId: 0HNK85NFDHSRB:0000001B | IP: ::1 | User: anonymous
2026-03-22 23:15:09.687 [INF] 0HNK85NFDHSRB:00000019 WorkManagement.Web.Middleware.RequestLoggingMiddleware HTTP GET /Swagger/index.css 200 completed in 107ms | RequestId: 0HNK85NFDHSRB:00000019
2026-03-22 23:15:09.603 [INF] 0HNK85NFDHSRB:0000001F WorkManagement.Web.Middleware.RequestLoggingMiddleware HTTP GET /Swagger/index.js started | RequestId: 0HNK85NFDHSRB:0000001F | IP: ::1 | User: anonymous
2026-03-22 23:15:09.768 [INF] 0HNK85NFDHSRB:0000001F WorkManagement.Web.Middleware.RequestLoggingMiddleware HTTP GET /Swagger/index.js 200 completed in 164ms | RequestId: 0HNK85NFDHSRB:0000001F
2026-03-22 23:15:09.788 [INF] 0HNK85NFDHSRB:00000017 WorkManagement.Web.Middleware.RequestLoggingMiddleware HTTP GET /Swagger/swagger-ui.css 200 completed in 208ms | RequestId: 0HNK85NFDHSRB:00000017
2026-03-22 23:15:09.788 [INF] 0HNK85NFDHSRB:0000001D WorkManagement.Web.Middleware.RequestLoggingMiddleware HTTP GET /Swagger/swagger-ui-standalone-preset.js 200 completed in 195ms | RequestId: 0HNK85NFDHSRB:0000001D
2026-03-22 23:15:09.856 [INF] 0HNK85NFDHSRB:0000001B WorkManagement.Web.Middleware.RequestLoggingMiddleware HTTP GET /Swagger/swagger-ui-bundle.js 200 completed in 275ms | RequestId: 0HNK85NFDHSRB:0000001B
2026-03-22 23:15:09.977 [INF] 0HNK85NFDHSRB:00000025 WorkManagement.Web.Middleware.RequestLoggingMiddleware HTTP GET /Swagger/v1/swagger.json started | RequestId: 0HNK85NFDHSRB:00000025 | IP: ::1 | User: anonymous
2026-03-22 23:15:10.018 [INF] 0HNK85NFDHSRB:00000025 WorkManagement.Web.Middleware.RequestLoggingMiddleware HTTP GET /Swagger/v1/swagger.json 200 completed in 41ms | RequestId: 0HNK85NFDHSRB:00000025
2026-03-22 23:15:20.211 [INF] 0HNK85NFDHSRB:00000027 WorkManagement.Web.Middleware.RequestLoggingMiddleware HTTP GET /login-google started | RequestId: 0HNK85NFDHSRB:00000027 | IP: ::1 | User: anonymous
2026-03-22 23:15:20.277 [INF] 0HNK85NFDHSRB:00000027 WorkManagement.Web.Middleware.RequestLoggingMiddleware HTTP GET /login-google 302 completed in 65ms | RequestId: 0HNK85NFDHSRB:00000027
2026-03-22 23:15:32.986 [INF] 0HNK85NFDHSRB:00000029 WorkManagement.Web.Middleware.RequestLoggingMiddleware HTTP GET /google-response started | RequestId: 0HNK85NFDHSRB:00000029 | IP: ::1 | User: anonymous
2026-03-22 23:15:33.050 [ERR] 0HNK85NFDHSRB:00000029 WorkManagement.Web.Middleware.RequestLoggingMiddleware HTTP GET /google-response FAILED in 63ms | RequestId: 0HNK85NFDHSRB:00000029
Microsoft.AspNetCore.Authentication.AuthenticationFailureException: An error was encountered while handling the remote login.
 ---> Microsoft.AspNetCore.Authentication.AuthenticationFailureException: The oauth state was missing or invalid.
   --- End of inner exception stack trace ---
   at Microsoft.AspNetCore.Authentication.RemoteAuthenticationHandler`1.HandleRequestAsync()
   at Microsoft.AspNetCore.Authentication.AuthenticationMiddleware.Invoke(HttpContext context)
   at WorkManagement.Web.Middleware.RequestLoggingMiddleware.InvokeAsync(HttpContext context) in D:\SPKT\HocKy2\CongNghePhanMem\DoAn\WorkManagement\WorkManagement.Web\Middleware\RequestLoggingMiddleware.cs:line 36
2026-03-22 23:15:33.238 [ERR] 0HNK85NFDHSRB:00000029 WorkManagement.Web.Middleware.WorkManagement.Web.Middleware.GlobalExceptionMiddleware Unhandled exception | RequestId: 0HNK85NFDHSRB:00000029 | Path: /google-response | Method: GET
Microsoft.AspNetCore.Authentication.AuthenticationFailureException: An error was encountered while handling the remote login.
 ---> Microsoft.AspNetCore.Authentication.AuthenticationFailureException: The oauth state was missing or invalid.
   --- End of inner exception stack trace ---
   at Microsoft.AspNetCore.Authentication.RemoteAuthenticationHandler`1.HandleRequestAsync()
   at Microsoft.AspNetCore.Authentication.AuthenticationMiddleware.Invoke(HttpContext context)
   at WorkManagement.Web.Middleware.RequestLoggingMiddleware.InvokeAsync(HttpContext context) in D:\SPKT\HocKy2\CongNghePhanMem\DoAn\WorkManagement\WorkManagement.Web\Middleware\RequestLoggingMiddleware.cs:line 36
   at WorkManagement.Web.Middleware.WorkManagement.Web.Middleware.GlobalExceptionMiddleware.InvokeAsync(HttpContext context) in D:\SPKT\HocKy2\CongNghePhanMem\DoAn\WorkManagement\WorkManagement.Web\Middleware\GlobalExceptionMiddleware.cs:line 20
2026-03-22 23:15:33.272 [INF] 0HNK85NFDHSRB:0000002B WorkManagement.Web.Middleware.RequestLoggingMiddleware HTTP GET /Home/Error started | RequestId: 0HNK85NFDHSRB:0000002B | IP: ::1 | User: anonymous
2026-03-22 23:15:34.318 [INF] 0HNK85NFDHSRB:0000002B WorkManagement.Web.Middleware.RequestLoggingMiddleware HTTP GET /Home/Error 302 completed in 1045ms | RequestId: 0HNK85NFDHSRB:0000002B
2026-03-22 23:15:34.349 [INF] 0HNK85NFDHSRB:0000002D WorkManagement.Web.Middleware.RequestLoggingMiddleware HTTP GET /Home/Error started | RequestId: 0HNK85NFDHSRB:0000002D | IP: ::1 | User: anonymous
2026-03-22 23:15:34.708 [INF] 0HNK85NFDHSRB:0000002D WorkManagement.Web.Middleware.RequestLoggingMiddleware HTTP GET /Home/Error 200 completed in 355ms | RequestId: 0HNK85NFDHSRB:0000002D
2026-03-22 23:17:01.379 [INF] 0HNK85NFDHSRB:0000002F WorkManagement.Web.Middleware.RequestLoggingMiddleware HTTP GET /login-google started | RequestId: 0HNK85NFDHSRB:0000002F | IP: ::1 | User: anonymous
2026-03-22 23:17:01.445 [INF] 0HNK85NFDHSRB:0000002F WorkManagement.Web.Middleware.RequestLoggingMiddleware HTTP GET /login-google 302 completed in 65ms | RequestId: 0HNK85NFDHSRB:0000002F
2026-03-22 23:17:06.167 [INF] 0HNK85NFDHSRB:00000031 WorkManagement.Web.Middleware.RequestLoggingMiddleware HTTP GET / started | RequestId: 0HNK85NFDHSRB:00000031 | IP: ::1 | User: anonymous
2026-03-22 23:17:06.215 [INF] 0HNK85NFDHSRB:00000031 WorkManagement.Web.Middleware.RequestLoggingMiddleware HTTP GET / 302 completed in 48ms | RequestId: 0HNK85NFDHSRB:00000031
2026-03-22 23:17:06.290 [INF] 0HNK85NFDHSRB:00000033 WorkManagement.Web.Middleware.RequestLoggingMiddleware HTTP GET /Home/Index started | RequestId: 0HNK85NFDHSRB:00000033 | IP: ::1 | User: anonymous
2026-03-22 23:17:06.682 [INF] 0HNK85NFDHSRB:00000033 WorkManagement.Web.Middleware.RequestLoggingMiddleware HTTP GET /Home/Index 200 completed in 390ms | RequestId: 0HNK85NFDHSRB:00000033
2026-03-22 23:17:09.866 [INF] 0HNK85NFDHSRB:00000037 WorkManagement.Web.Middleware.RequestLoggingMiddleware HTTP POST /Account/Logout started | RequestId: 0HNK85NFDHSRB:00000037 | IP: ::1 | User: anonymous
2026-03-22 23:17:09.940 [INF] 0HNK85NFDHSRB:00000037 WorkManagement.Web.Middleware.RequestLoggingMiddleware HTTP POST /Account/Logout 302 completed in 73ms | RequestId: 0HNK85NFDHSRB:00000037
2026-03-22 23:17:10.015 [INF] 0HNK85NFDHSRB:00000039 WorkManagement.Web.Middleware.RequestLoggingMiddleware HTTP GET / started | RequestId: 0HNK85NFDHSRB:00000039 | IP: ::1 | User: anonymous
2026-03-22 23:17:10.078 [INF] 0HNK85NFDHSRB:00000039 WorkManagement.Web.Middleware.RequestLoggingMiddleware HTTP GET / 200 completed in 63ms | RequestId: 0HNK85NFDHSRB:00000039
2026-03-22 23:17:10.090 [WRN] 0HNK85NFDHSRB:00000039 Microsoft.WebTools.BrowserLink.Net.BrowserLinkMiddleware Unable to configure Browser Link script injection on the response. 
2026-03-22 23:17:10.093 [WRN] 0HNK85NFDHSRB:00000039 Microsoft.AspNetCore.Watch.BrowserRefresh.BrowserRefreshMiddleware Unable to configure browser refresh script injection on the response. Consider manually adding '<script src="/_framework/aspnetcore-browser-refresh.js"></script>' to the body of the page.
2026-03-22 23:17:12.212 [INF] 0HNK85NFDHSRB:0000003B WorkManagement.Web.Middleware.RequestLoggingMiddleware HTTP GET /login-google started | RequestId: 0HNK85NFDHSRB:0000003B | IP: ::1 | User: anonymous
2026-03-22 23:17:12.264 [INF] 0HNK85NFDHSRB:0000003B WorkManagement.Web.Middleware.RequestLoggingMiddleware HTTP GET /login-google 302 completed in 51ms | RequestId: 0HNK85NFDHSRB:0000003B
2026-03-22 23:17:14.547 [INF] 0HNK85NFDHSRB:0000003D WorkManagement.Web.Middleware.RequestLoggingMiddleware HTTP GET / started | RequestId: 0HNK85NFDHSRB:0000003D | IP: ::1 | User: anonymous
2026-03-22 23:17:14.608 [INF] 0HNK85NFDHSRB:0000003D WorkManagement.Web.Middleware.RequestLoggingMiddleware HTTP GET / 200 completed in 60ms | RequestId: 0HNK85NFDHSRB:0000003D
2026-03-22 23:17:14.617 [WRN] 0HNK85NFDHSRB:0000003D Microsoft.WebTools.BrowserLink.Net.BrowserLinkMiddleware Unable to configure Browser Link script injection on the response. 
2026-03-22 23:17:14.622 [WRN] 0HNK85NFDHSRB:0000003D Microsoft.AspNetCore.Watch.BrowserRefresh.BrowserRefreshMiddleware Unable to configure browser refresh script injection on the response. Consider manually adding '<script src="/_framework/aspnetcore-browser-refresh.js"></script>' to the body of the page.
2026-03-22 23:17:51.135 [INF] 0HNK85NFDHSRB:0000003F WorkManagement.Web.Middleware.RequestLoggingMiddleware HTTP GET /login-google started | RequestId: 0HNK85NFDHSRB:0000003F | IP: ::1 | User: anonymous
2026-03-22 23:17:51.192 [INF] 0HNK85NFDHSRB:0000003F WorkManagement.Web.Middleware.RequestLoggingMiddleware HTTP GET /login-google 302 completed in 57ms | RequestId: 0HNK85NFDHSRB:0000003F
2026-03-22 23:19:05.605 [INF]  WorkManagement.Infrastructure.BackgroundJobs.DeadlineReminderJob DeadlineReminderJob started.
2026-03-22 23:19:06.130 [INF]  WorkManagement.Infrastructure.BackgroundJobs.NotificationBackgroundJob NotificationBackgroundJob started.
2026-03-22 23:19:08.372 [INF] 0HNK85QV0VBL0:00000001 WorkManagement.Web.Middleware.RequestLoggingMiddleware HTTP GET / started | RequestId: 0HNK85QV0VBL0:00000001 | IP: ::1 | User: anonymous
2026-03-22 23:19:09.433 [INF] 0HNK85QV0VBL0:00000001 WorkManagement.Web.Middleware.RequestLoggingMiddleware HTTP GET / 200 completed in 1071ms | RequestId: 0HNK85QV0VBL0:00000001
2026-03-22 23:19:09.470 [WRN] 0HNK85QV0VBL0:00000001 Microsoft.WebTools.BrowserLink.Net.BrowserLinkMiddleware Unable to configure Browser Link script injection on the response. 
2026-03-22 23:19:09.485 [WRN] 0HNK85QV0VBL0:00000001 Microsoft.AspNetCore.Watch.BrowserRefresh.BrowserRefreshMiddleware Unable to configure browser refresh script injection on the response. Consider manually adding '<script src="/_framework/aspnetcore-browser-refresh.js"></script>' to the body of the page.
2026-03-22 23:19:10.629 [INF] 0HNK85QV0VBL0:00000003 WorkManagement.Web.Middleware.RequestLoggingMiddleware HTTP GET /login-google started | RequestId: 0HNK85QV0VBL0:00000003 | IP: ::1 | User: anonymous
2026-03-22 23:19:10.816 [INF] 0HNK85QV0VBL0:00000003 WorkManagement.Web.Middleware.RequestLoggingMiddleware HTTP GET /login-google 302 completed in 187ms | RequestId: 0HNK85QV0VBL0:00000003
2026-03-22 23:19:20.851 [INF] 0HNK85QV0VBL0:00000005 WorkManagement.Web.Middleware.RequestLoggingMiddleware HTTP GET / started | RequestId: 0HNK85QV0VBL0:00000005 | IP: ::1 | User: anonymous
2026-03-22 23:19:20.945 [INF] 0HNK85QV0VBL0:00000005 WorkManagement.Web.Middleware.RequestLoggingMiddleware HTTP GET / 200 completed in 94ms | RequestId: 0HNK85QV0VBL0:00000005
2026-03-22 23:19:20.955 [WRN] 0HNK85QV0VBL0:00000005 Microsoft.WebTools.BrowserLink.Net.BrowserLinkMiddleware Unable to configure Browser Link script injection on the response. 
2026-03-22 23:19:20.960 [WRN] 0HNK85QV0VBL0:00000005 Microsoft.AspNetCore.Watch.BrowserRefresh.BrowserRefreshMiddleware Unable to configure browser refresh script injection on the response. Consider manually adding '<script src="/_framework/aspnetcore-browser-refresh.js"></script>' to the body of the page.
2026-03-22 23:19:51.735 [INF]  WorkManagement.Infrastructure.BackgroundJobs.DeadlineReminderJob DeadlineReminderJob started.
2026-03-22 23:19:52.242 [INF]  WorkManagement.Infrastructure.BackgroundJobs.NotificationBackgroundJob NotificationBackgroundJob started.
2026-03-22 23:19:55.102 [INF] 0HNK85RCRC253:00000001 WorkManagement.Web.Middleware.RequestLoggingMiddleware HTTP GET / started | RequestId: 0HNK85RCRC253:00000001 | IP: ::1 | User: anonymous
2026-03-22 23:21:39.578 [INF]  WorkManagement.Infrastructure.BackgroundJobs.DeadlineReminderJob DeadlineReminderJob started.
2026-03-22 23:21:40.011 [INF]  WorkManagement.Infrastructure.BackgroundJobs.NotificationBackgroundJob NotificationBackgroundJob started.
2026-03-22 23:21:42.155 [INF] 0HNK85SCQIC3G:00000001 WorkManagement.Web.Middleware.RequestLoggingMiddleware HTTP GET / started | RequestId: 0HNK85SCQIC3G:00000001 | IP: ::1 | User: anonymous
2026-03-22 23:21:43.202 [INF] 0HNK85SCQIC3G:00000001 WorkManagement.Web.Middleware.RequestLoggingMiddleware HTTP GET / 200 completed in 1070ms | RequestId: 0HNK85SCQIC3G:00000001
2026-03-22 23:21:43.251 [WRN] 0HNK85SCQIC3G:00000001 Microsoft.WebTools.BrowserLink.Net.BrowserLinkMiddleware Unable to configure Browser Link script injection on the response. 
2026-03-22 23:21:43.263 [WRN] 0HNK85SCQIC3G:00000001 Microsoft.AspNetCore.Watch.BrowserRefresh.BrowserRefreshMiddleware Unable to configure browser refresh script injection on the response. Consider manually adding '<script src="/_framework/aspnetcore-browser-refresh.js"></script>' to the body of the page.
2026-03-22 23:21:43.724 [INF] 0HNK85SCQIC3G:00000003 WorkManagement.Web.Middleware.RequestLoggingMiddleware HTTP GET / started | RequestId: 0HNK85SCQIC3G:00000003 | IP: ::1 | User: anonymous
2026-03-22 23:21:43.851 [INF] 0HNK85SCQIC3G:00000003 WorkManagement.Web.Middleware.RequestLoggingMiddleware HTTP GET / 200 completed in 127ms | RequestId: 0HNK85SCQIC3G:00000003
2026-03-22 23:21:43.859 [WRN] 0HNK85SCQIC3G:00000003 Microsoft.WebTools.BrowserLink.Net.BrowserLinkMiddleware Unable to configure Browser Link script injection on the response. 
2026-03-22 23:21:43.863 [WRN] 0HNK85SCQIC3G:00000003 Microsoft.AspNetCore.Watch.BrowserRefresh.BrowserRefreshMiddleware Unable to configure browser refresh script injection on the response. Consider manually adding '<script src="/_framework/aspnetcore-browser-refresh.js"></script>' to the body of the page.
2026-03-22 23:21:45.916 [INF] 0HNK85SCQIC3G:00000009 WorkManagement.Web.Middleware.RequestLoggingMiddleware HTTP GET /login-google started | RequestId: 0HNK85SCQIC3G:00000009 | IP: ::1 | User: anonymous
2026-03-22 23:21:46.154 [INF] 0HNK85SCQIC3G:00000009 WorkManagement.Web.Middleware.RequestLoggingMiddleware HTTP GET /login-google 302 completed in 239ms | RequestId: 0HNK85SCQIC3G:00000009
2026-03-22 23:22:15.774 [INF] 0HNK85SCQIC3G:0000000B WorkManagement.Web.Middleware.RequestLoggingMiddleware HTTP GET / started | RequestId: 0HNK85SCQIC3G:0000000B | IP: ::1 | User: anonymous
2026-03-22 23:22:15.837 [INF] 0HNK85SCQIC3G:0000000B WorkManagement.Web.Middleware.RequestLoggingMiddleware HTTP GET / 200 completed in 62ms | RequestId: 0HNK85SCQIC3G:0000000B
2026-03-22 23:22:15.881 [WRN] 0HNK85SCQIC3G:0000000B Microsoft.WebTools.BrowserLink.Net.BrowserLinkMiddleware Unable to configure Browser Link script injection on the response. 
2026-03-22 23:22:15.884 [WRN] 0HNK85SCQIC3G:0000000B Microsoft.AspNetCore.Watch.BrowserRefresh.BrowserRefreshMiddleware Unable to configure browser refresh script injection on the response. Consider manually adding '<script src="/_framework/aspnetcore-browser-refresh.js"></script>' to the body of the page.
2026-03-22 23:22:17.419 [INF] 0HNK85SCQIC3G:0000000D WorkManagement.Web.Middleware.RequestLoggingMiddleware HTTP GET /login-google started | RequestId: 0HNK85SCQIC3G:0000000D | IP: ::1 | User: anonymous
2026-03-22 23:22:17.471 [INF] 0HNK85SCQIC3G:0000000D WorkManagement.Web.Middleware.RequestLoggingMiddleware HTTP GET /login-google 302 completed in 51ms | RequestId: 0HNK85SCQIC3G:0000000D
2026-03-22 23:22:22.889 [INF] 0HNK85SCQIC3G:0000000F WorkManagement.Web.Middleware.RequestLoggingMiddleware HTTP GET /.well-known/appspecific/com.chrome.devtools.json started | RequestId: 0HNK85SCQIC3G:0000000F | IP: ::1 | User: anonymous
2026-03-22 23:22:22.895 [INF] 0HNK85SCQIC3G:0000000F WorkManagement.Web.Middleware.RequestLoggingMiddleware HTTP GET /.well-known/appspecific/com.chrome.devtools.json 404 completed in 6ms | RequestId: 0HNK85SCQIC3G:0000000F
2026-03-22 23:22:24.517 [INF] 0HNK85SCQIC3G:00000011 WorkManagement.Web.Middleware.RequestLoggingMiddleware HTTP GET /login-google started | RequestId: 0HNK85SCQIC3G:00000011 | IP: ::1 | User: anonymous
2026-03-22 23:22:24.566 [INF] 0HNK85SCQIC3G:00000011 WorkManagement.Web.Middleware.RequestLoggingMiddleware HTTP GET /login-google 302 completed in 48ms | RequestId: 0HNK85SCQIC3G:00000011
2026-03-22 23:22:43.261 [INF] 0HNK85SCQIC3G:00000013 WorkManagement.Web.Middleware.RequestLoggingMiddleware HTTP GET /.well-known/appspecific/com.chrome.devtools.json started | RequestId: 0HNK85SCQIC3G:00000013 | IP: ::1 | User: anonymous
2026-03-22 23:22:43.268 [INF] 0HNK85SCQIC3G:00000013 WorkManagement.Web.Middleware.RequestLoggingMiddleware HTTP GET /.well-known/appspecific/com.chrome.devtools.json 404 completed in 6ms | RequestId: 0HNK85SCQIC3G:00000013
2026-03-22 23:22:43.297 [INF] 0HNK85SCQIC3G:00000015 WorkManagement.Web.Middleware.RequestLoggingMiddleware HTTP GET /.well-known/appspecific/com.chrome.devtools.json started | RequestId: 0HNK85SCQIC3G:00000015 | IP: ::1 | User: anonymous
2026-03-22 23:22:43.304 [INF] 0HNK85SCQIC3G:00000015 WorkManagement.Web.Middleware.RequestLoggingMiddleware HTTP GET /.well-known/appspecific/com.chrome.devtools.json 404 completed in 7ms | RequestId: 0HNK85SCQIC3G:00000015
2026-03-22 23:23:21.079 [INF] 0HNK85SCQIC3G:00000017 WorkManagement.Web.Middleware.RequestLoggingMiddleware HTTP GET /login-google started | RequestId: 0HNK85SCQIC3G:00000017 | IP: ::1 | User: anonymous
2026-03-22 23:23:21.136 [INF] 0HNK85SCQIC3G:00000017 WorkManagement.Web.Middleware.RequestLoggingMiddleware HTTP GET /login-google 302 completed in 57ms | RequestId: 0HNK85SCQIC3G:00000017
2026-03-22 23:23:24.809 [INF] 0HNK85SCQIC3G:00000019 WorkManagement.Web.Middleware.RequestLoggingMiddleware HTTP GET /google-response started | RequestId: 0HNK85SCQIC3G:00000019 | IP: ::1 | User: anonymous
2026-03-22 23:23:25.616 [INF] 0HNK85SCQIC3G:00000019 WorkManagement.Web.Middleware.RequestLoggingMiddleware HTTP GET /google-response 302 completed in 807ms | RequestId: 0HNK85SCQIC3G:00000019
2026-03-22 23:23:25.687 [INF] 0HNK85SCQIC3G:0000001B WorkManagement.Web.Middleware.RequestLoggingMiddleware HTTP GET /google-response started | RequestId: 0HNK85SCQIC3G:0000001B | IP: ::1 | User: anonymous
2026-03-22 23:23:25.761 [ERR] 0HNK85SCQIC3G:0000001B WorkManagement.Web.Middleware.RequestLoggingMiddleware HTTP GET /google-response FAILED in 72ms | RequestId: 0HNK85SCQIC3G:0000001B
Microsoft.AspNetCore.Authentication.AuthenticationFailureException: An error was encountered while handling the remote login.
 ---> Microsoft.AspNetCore.Authentication.AuthenticationFailureException: The oauth state was missing or invalid.
   --- End of inner exception stack trace ---
   at Microsoft.AspNetCore.Authentication.RemoteAuthenticationHandler`1.HandleRequestAsync()
   at Microsoft.AspNetCore.Authentication.AuthenticationMiddleware.Invoke(HttpContext context)
   at WorkManagement.Web.Middleware.RequestLoggingMiddleware.InvokeAsync(HttpContext context) in D:\SPKT\HocKy2\CongNghePhanMem\DoAn\WorkManagement\WorkManagement.Web\Middleware\RequestLoggingMiddleware.cs:line 36
2026-03-22 23:23:25.958 [ERR] 0HNK85SCQIC3G:0000001B WorkManagement.Web.Middleware.WorkManagement.Web.Middleware.GlobalExceptionMiddleware Unhandled exception | RequestId: 0HNK85SCQIC3G:0000001B | Path: /google-response | Method: GET
Microsoft.AspNetCore.Authentication.AuthenticationFailureException: An error was encountered while handling the remote login.
 ---> Microsoft.AspNetCore.Authentication.AuthenticationFailureException: The oauth state was missing or invalid.
   --- End of inner exception stack trace ---
   at Microsoft.AspNetCore.Authentication.RemoteAuthenticationHandler`1.HandleRequestAsync()
   at Microsoft.AspNetCore.Authentication.AuthenticationMiddleware.Invoke(HttpContext context)
   at WorkManagement.Web.Middleware.RequestLoggingMiddleware.InvokeAsync(HttpContext context) in D:\SPKT\HocKy2\CongNghePhanMem\DoAn\WorkManagement\WorkManagement.Web\Middleware\RequestLoggingMiddleware.cs:line 36
   at WorkManagement.Web.Middleware.WorkManagement.Web.Middleware.GlobalExceptionMiddleware.InvokeAsync(HttpContext context) in D:\SPKT\HocKy2\CongNghePhanMem\DoAn\WorkManagement\WorkManagement.Web\Middleware\GlobalExceptionMiddleware.cs:line 20
2026-03-22 23:23:26.049 [INF] 0HNK85SCQIC3G:0000001D WorkManagement.Web.Middleware.RequestLoggingMiddleware HTTP GET /Home/Error started | RequestId: 0HNK85SCQIC3G:0000001D | IP: ::1 | User: anonymous
2026-03-22 23:23:26.084 [INF] 0HNK85SCQIC3G:0000001D WorkManagement.Web.Middleware.RequestLoggingMiddleware HTTP GET /Home/Error 302 completed in 35ms | RequestId: 0HNK85SCQIC3G:0000001D
2026-03-22 23:23:26.160 [INF] 0HNK85SCQIC3G:0000001F WorkManagement.Web.Middleware.RequestLoggingMiddleware HTTP GET /Account/Login started | RequestId: 0HNK85SCQIC3G:0000001F | IP: ::1 | User: anonymous
2026-03-22 23:23:26.251 [INF] 0HNK85SCQIC3G:0000001F WorkManagement.Web.Middleware.RequestLoggingMiddleware HTTP GET /Account/Login 200 completed in 90ms | RequestId: 0HNK85SCQIC3G:0000001F
2026-03-22 23:23:26.300 [WRN] 0HNK85SCQIC3G:0000001F Microsoft.WebTools.BrowserLink.Net.BrowserLinkMiddleware Unable to configure Browser Link script injection on the response. 
2026-03-22 23:23:26.308 [WRN] 0HNK85SCQIC3G:0000001F Microsoft.AspNetCore.Watch.BrowserRefresh.BrowserRefreshMiddleware Unable to configure browser refresh script injection on the response. Consider manually adding '<script src="/_framework/aspnetcore-browser-refresh.js"></script>' to the body of the page.
2026-03-22 23:27:21.258 [INF]  WorkManagement.Infrastructure.BackgroundJobs.DeadlineReminderJob DeadlineReminderJob started.
2026-03-22 23:27:21.750 [INF]  WorkManagement.Infrastructure.BackgroundJobs.NotificationBackgroundJob NotificationBackgroundJob started.
2026-03-22 23:27:24.217 [INF] 0HNK85VIMMC14:00000001 WorkManagement.Web.Middleware.RequestLoggingMiddleware HTTP GET / started | RequestId: 0HNK85VIMMC14:00000001 | IP: ::1 | User: anonymous
2026-03-22 23:27:25.586 [INF] 0HNK85VIMMC14:00000001 WorkManagement.Web.Middleware.RequestLoggingMiddleware HTTP GET / 200 completed in 1378ms | RequestId: 0HNK85VIMMC14:00000001
2026-03-22 23:27:25.612 [WRN] 0HNK85VIMMC14:00000001 Microsoft.WebTools.BrowserLink.Net.BrowserLinkMiddleware Unable to configure Browser Link script injection on the response. 
2026-03-22 23:27:25.628 [WRN] 0HNK85VIMMC14:00000001 Microsoft.AspNetCore.Watch.BrowserRefresh.BrowserRefreshMiddleware Unable to configure browser refresh script injection on the response. Consider manually adding '<script src="/_framework/aspnetcore-browser-refresh.js"></script>' to the body of the page.
2026-03-22 23:27:27.895 [INF] 0HNK85VIMMC14:00000003 WorkManagement.Web.Middleware.RequestLoggingMiddleware HTTP GET /login-google started | RequestId: 0HNK85VIMMC14:00000003 | IP: ::1 | User: anonymous
2026-03-22 23:27:28.120 [INF] 0HNK85VIMMC14:00000003 WorkManagement.Web.Middleware.RequestLoggingMiddleware HTTP GET /login-google 302 completed in 226ms | RequestId: 0HNK85VIMMC14:00000003
2026-03-22 23:29:18.448 [INF]  WorkManagement.Infrastructure.BackgroundJobs.DeadlineReminderJob DeadlineReminderJob started.
2026-03-22 23:29:18.966 [INF]  WorkManagement.Infrastructure.BackgroundJobs.NotificationBackgroundJob NotificationBackgroundJob started.
2026-03-22 23:29:21.624 [INF] 0HNK860LM0J4E:00000001 WorkManagement.Web.Middleware.RequestLoggingMiddleware HTTP GET / started | RequestId: 0HNK860LM0J4E:00000001 | IP: ::1 | User: anonymous
2026-03-22 23:29:23.051 [INF] 0HNK860LM0J4E:00000001 WorkManagement.Web.Middleware.RequestLoggingMiddleware HTTP GET / 200 completed in 1435ms | RequestId: 0HNK860LM0J4E:00000001
2026-03-22 23:29:23.079 [WRN] 0HNK860LM0J4E:00000001 Microsoft.WebTools.BrowserLink.Net.BrowserLinkMiddleware Unable to configure Browser Link script injection on the response. 
2026-03-22 23:29:23.087 [WRN] 0HNK860LM0J4E:00000001 Microsoft.AspNetCore.Watch.BrowserRefresh.BrowserRefreshMiddleware Unable to configure browser refresh script injection on the response. Consider manually adding '<script src="/_framework/aspnetcore-browser-refresh.js"></script>' to the body of the page.
2026-03-22 23:29:24.525 [INF] 0HNK860LM0J4E:00000003 WorkManagement.Web.Middleware.RequestLoggingMiddleware HTTP GET /login-google started | RequestId: 0HNK860LM0J4E:00000003 | IP: ::1 | User: anonymous
2026-03-22 23:29:24.808 [INF] 0HNK860LM0J4E:00000003 WorkManagement.Web.Middleware.RequestLoggingMiddleware HTTP GET /login-google 302 completed in 283ms | RequestId: 0HNK860LM0J4E:00000003
2026-03-22 23:30:44.410 [INF] 0HNK860LM0J4E:00000005 WorkManagement.Web.Middleware.RequestLoggingMiddleware HTTP GET /google-response started | RequestId: 0HNK860LM0J4E:00000005 | IP: ::1 | User: anonymous
2026-03-22 23:30:44.580 [ERR] 0HNK860LM0J4E:00000005 WorkManagement.Web.Middleware.RequestLoggingMiddleware HTTP GET /google-response FAILED in 169ms | RequestId: 0HNK860LM0J4E:00000005
Microsoft.AspNetCore.Authentication.AuthenticationFailureException: An error was encountered while handling the remote login.
 ---> System.Threading.Tasks.TaskCanceledException: A task was canceled.
 ---> System.Threading.Tasks.TaskCanceledException: A task was canceled.
   at System.Net.Http.HttpClient.<SendAsync>g__Core|83_0(HttpRequestMessage request, HttpCompletionOption completionOption, CancellationTokenSource cts, Boolean disposeCts, CancellationTokenSource pendingRequestsCts, CancellationToken originalCancellationToken)
   --- End of inner exception stack trace ---
   at System.Net.Http.HttpClient.HandleFailure(Exception e, Boolean telemetryStarted, HttpResponseMessage response, CancellationTokenSource cts, CancellationToken cancellationToken, CancellationTokenSource pendingRequestsCts)
   at System.Net.Http.HttpClient.<SendAsync>g__Core|83_0(HttpRequestMessage request, HttpCompletionOption completionOption, CancellationTokenSource cts, Boolean disposeCts, CancellationTokenSource pendingRequestsCts, CancellationToken originalCancellationToken)
   at Microsoft.AspNetCore.Authentication.OAuth.OAuthHandler`1.ExchangeCodeAsync(OAuthCodeExchangeContext context)
   at Microsoft.AspNetCore.Authentication.OAuth.OAuthHandler`1.HandleRemoteAuthenticateAsync()
   at Microsoft.AspNetCore.Authentication.RemoteAuthenticationHandler`1.HandleRequestAsync()
   --- End of inner exception stack trace ---
   at Microsoft.AspNetCore.Authentication.RemoteAuthenticationHandler`1.HandleRequestAsync()
   at Microsoft.AspNetCore.Authentication.AuthenticationMiddleware.Invoke(HttpContext context)
   at WorkManagement.Web.Middleware.RequestLoggingMiddleware.InvokeAsync(HttpContext context) in D:\SPKT\HocKy2\CongNghePhanMem\DoAn\WorkManagement\WorkManagement.Web\Middleware\RequestLoggingMiddleware.cs:line 36
2026-03-22 23:30:44.823 [ERR] 0HNK860LM0J4E:00000005 WorkManagement.Web.Middleware.WorkManagement.Web.Middleware.GlobalExceptionMiddleware Unhandled exception | RequestId: 0HNK860LM0J4E:00000005 | Path: /google-response | Method: GET
Microsoft.AspNetCore.Authentication.AuthenticationFailureException: An error was encountered while handling the remote login.
 ---> System.Threading.Tasks.TaskCanceledException: A task was canceled.
 ---> System.Threading.Tasks.TaskCanceledException: A task was canceled.
   at System.Net.Http.HttpClient.<SendAsync>g__Core|83_0(HttpRequestMessage request, HttpCompletionOption completionOption, CancellationTokenSource cts, Boolean disposeCts, CancellationTokenSource pendingRequestsCts, CancellationToken originalCancellationToken)
   --- End of inner exception stack trace ---
   at System.Net.Http.HttpClient.HandleFailure(Exception e, Boolean telemetryStarted, HttpResponseMessage response, CancellationTokenSource cts, CancellationToken cancellationToken, CancellationTokenSource pendingRequestsCts)
   at System.Net.Http.HttpClient.<SendAsync>g__Core|83_0(HttpRequestMessage request, HttpCompletionOption completionOption, CancellationTokenSource cts, Boolean disposeCts, CancellationTokenSource pendingRequestsCts, CancellationToken originalCancellationToken)
   at Microsoft.AspNetCore.Authentication.OAuth.OAuthHandler`1.ExchangeCodeAsync(OAuthCodeExchangeContext context)
   at Microsoft.AspNetCore.Authentication.OAuth.OAuthHandler`1.HandleRemoteAuthenticateAsync()
   at Microsoft.AspNetCore.Authentication.RemoteAuthenticationHandler`1.HandleRequestAsync()
   --- End of inner exception stack trace ---
   at Microsoft.AspNetCore.Authentication.RemoteAuthenticationHandler`1.HandleRequestAsync()
   at Microsoft.AspNetCore.Authentication.AuthenticationMiddleware.Invoke(HttpContext context)
   at WorkManagement.Web.Middleware.RequestLoggingMiddleware.InvokeAsync(HttpContext context) in D:\SPKT\HocKy2\CongNghePhanMem\DoAn\WorkManagement\WorkManagement.Web\Middleware\RequestLoggingMiddleware.cs:line 36
   at WorkManagement.Web.Middleware.WorkManagement.Web.Middleware.GlobalExceptionMiddleware.InvokeAsync(HttpContext context) in D:\SPKT\HocKy2\CongNghePhanMem\DoAn\WorkManagement\WorkManagement.Web\Middleware\GlobalExceptionMiddleware.cs:line 20
2026-03-22 23:30:48.687 [INF] 0HNK860LM0J4E:00000007 WorkManagement.Web.Middleware.RequestLoggingMiddleware HTTP GET / started | RequestId: 0HNK860LM0J4E:00000007 | IP: ::1 | User: anonymous
2026-03-22 23:30:48.837 [INF] 0HNK860LM0J4E:00000007 WorkManagement.Web.Middleware.RequestLoggingMiddleware HTTP GET / 200 completed in 149ms | RequestId: 0HNK860LM0J4E:00000007
2026-03-22 23:30:48.859 [WRN] 0HNK860LM0J4E:00000007 Microsoft.WebTools.BrowserLink.Net.BrowserLinkMiddleware Unable to configure Browser Link script injection on the response. 
2026-03-22 23:30:48.869 [WRN] 0HNK860LM0J4E:00000007 Microsoft.AspNetCore.Watch.BrowserRefresh.BrowserRefreshMiddleware Unable to configure browser refresh script injection on the response. Consider manually adding '<script src="/_framework/aspnetcore-browser-refresh.js"></script>' to the body of the page.
2026-03-22 23:30:51.093 [INF] 0HNK860LM0J4E:00000009 WorkManagement.Web.Middleware.RequestLoggingMiddleware HTTP GET / started | RequestId: 0HNK860LM0J4E:00000009 | IP: ::1 | User: anonymous
2026-03-22 23:30:51.242 [INF] 0HNK860LM0J4E:00000009 WorkManagement.Web.Middleware.RequestLoggingMiddleware HTTP GET / 200 completed in 149ms | RequestId: 0HNK860LM0J4E:00000009
2026-03-22 23:30:51.262 [WRN] 0HNK860LM0J4E:00000009 Microsoft.WebTools.BrowserLink.Net.BrowserLinkMiddleware Unable to configure Browser Link script injection on the response. 
2026-03-22 23:30:51.271 [WRN] 0HNK860LM0J4E:00000009 Microsoft.AspNetCore.Watch.BrowserRefresh.BrowserRefreshMiddleware Unable to configure browser refresh script injection on the response. Consider manually adding '<script src="/_framework/aspnetcore-browser-refresh.js"></script>' to the body of the page.
2026-03-22 23:30:52.116 [INF] 0HNK860LM0J4E:0000000B WorkManagement.Web.Middleware.RequestLoggingMiddleware HTTP GET /login-google started | RequestId: 0HNK860LM0J4E:0000000B | IP: ::1 | User: anonymous
2026-03-22 23:30:52.198 [INF] 0HNK860LM0J4E:0000000B WorkManagement.Web.Middleware.RequestLoggingMiddleware HTTP GET /login-google 302 completed in 82ms | RequestId: 0HNK860LM0J4E:0000000B
2026-03-22 23:30:55.279 [INF] 0HNK860LM0J4E:0000000D WorkManagement.Web.Middleware.RequestLoggingMiddleware HTTP GET /google-response started | RequestId: 0HNK860LM0J4E:0000000D | IP: ::1 | User: anonymous
2026-03-22 23:30:56.094 [INF] 0HNK860LM0J4E:0000000D WorkManagement.Web.Middleware.RequestLoggingMiddleware HTTP GET /google-response 302 completed in 814ms | RequestId: 0HNK860LM0J4E:0000000D
2026-03-22 23:30:56.186 [INF] 0HNK860LM0J4E:0000000F WorkManagement.Web.Middleware.RequestLoggingMiddleware HTTP GET /google-response started | RequestId: 0HNK860LM0J4E:0000000F | IP: ::1 | User: anonymous
2026-03-22 23:30:56.277 [ERR] 0HNK860LM0J4E:0000000F WorkManagement.Web.Middleware.RequestLoggingMiddleware HTTP GET /google-response FAILED in 90ms | RequestId: 0HNK860LM0J4E:0000000F
Microsoft.AspNetCore.Authentication.AuthenticationFailureException: An error was encountered while handling the remote login.
 ---> Microsoft.AspNetCore.Authentication.AuthenticationFailureException: The oauth state was missing or invalid.
   --- End of inner exception stack trace ---
   at Microsoft.AspNetCore.Authentication.RemoteAuthenticationHandler`1.HandleRequestAsync()
   at Microsoft.AspNetCore.Authentication.AuthenticationMiddleware.Invoke(HttpContext context)
   at WorkManagement.Web.Middleware.RequestLoggingMiddleware.InvokeAsync(HttpContext context) in D:\SPKT\HocKy2\CongNghePhanMem\DoAn\WorkManagement\WorkManagement.Web\Middleware\RequestLoggingMiddleware.cs:line 36
2026-03-22 23:30:56.444 [ERR] 0HNK860LM0J4E:0000000F WorkManagement.Web.Middleware.WorkManagement.Web.Middleware.GlobalExceptionMiddleware Unhandled exception | RequestId: 0HNK860LM0J4E:0000000F | Path: /google-response | Method: GET
Microsoft.AspNetCore.Authentication.AuthenticationFailureException: An error was encountered while handling the remote login.
 ---> Microsoft.AspNetCore.Authentication.AuthenticationFailureException: The oauth state was missing or invalid.
   --- End of inner exception stack trace ---
   at Microsoft.AspNetCore.Authentication.RemoteAuthenticationHandler`1.HandleRequestAsync()
   at Microsoft.AspNetCore.Authentication.AuthenticationMiddleware.Invoke(HttpContext context)
   at WorkManagement.Web.Middleware.RequestLoggingMiddleware.InvokeAsync(HttpContext context) in D:\SPKT\HocKy2\CongNghePhanMem\DoAn\WorkManagement\WorkManagement.Web\Middleware\RequestLoggingMiddleware.cs:line 36
   at WorkManagement.Web.Middleware.WorkManagement.Web.Middleware.GlobalExceptionMiddleware.InvokeAsync(HttpContext context) in D:\SPKT\HocKy2\CongNghePhanMem\DoAn\WorkManagement\WorkManagement.Web\Middleware\GlobalExceptionMiddleware.cs:line 20
2026-03-22 23:30:56.552 [INF] 0HNK860LM0J4E:00000011 WorkManagement.Web.Middleware.RequestLoggingMiddleware HTTP GET /Home/Error started | RequestId: 0HNK860LM0J4E:00000011 | IP: ::1 | User: anonymous
2026-03-22 23:30:56.587 [INF] 0HNK860LM0J4E:00000011 WorkManagement.Web.Middleware.RequestLoggingMiddleware HTTP GET /Home/Error 302 completed in 34ms | RequestId: 0HNK860LM0J4E:00000011
2026-03-22 23:30:56.690 [INF] 0HNK860LM0J4E:00000013 WorkManagement.Web.Middleware.RequestLoggingMiddleware HTTP GET /Account/Login started | RequestId: 0HNK860LM0J4E:00000013 | IP: ::1 | User: anonymous
2026-03-22 23:30:56.795 [INF] 0HNK860LM0J4E:00000013 WorkManagement.Web.Middleware.RequestLoggingMiddleware HTTP GET /Account/Login 200 completed in 104ms | RequestId: 0HNK860LM0J4E:00000013
2026-03-22 23:30:56.806 [WRN] 0HNK860LM0J4E:00000013 Microsoft.WebTools.BrowserLink.Net.BrowserLinkMiddleware Unable to configure Browser Link script injection on the response. 
2026-03-22 23:30:56.810 [WRN] 0HNK860LM0J4E:00000013 Microsoft.AspNetCore.Watch.BrowserRefresh.BrowserRefreshMiddleware Unable to configure browser refresh script injection on the response. Consider manually adding '<script src="/_framework/aspnetcore-browser-refresh.js"></script>' to the body of the page.
2026-03-22 23:32:08.919 [INF] 0HNK860LM0J4E:00000015 WorkManagement.Web.Middleware.RequestLoggingMiddleware HTTP GET /Account/Login started | RequestId: 0HNK860LM0J4E:00000015 | IP: ::1 | User: anonymous
2026-03-22 23:32:09.042 [INF] 0HNK860LM0J4E:00000015 WorkManagement.Web.Middleware.RequestLoggingMiddleware HTTP GET /Account/Login 200 completed in 123ms | RequestId: 0HNK860LM0J4E:00000015
2026-03-22 23:32:09.058 [WRN] 0HNK860LM0J4E:00000015 Microsoft.WebTools.BrowserLink.Net.BrowserLinkMiddleware Unable to configure Browser Link script injection on the response. 
2026-03-22 23:32:09.065 [WRN] 0HNK860LM0J4E:00000015 Microsoft.AspNetCore.Watch.BrowserRefresh.BrowserRefreshMiddleware Unable to configure browser refresh script injection on the response. Consider manually adding '<script src="/_framework/aspnetcore-browser-refresh.js"></script>' to the body of the page.
2026-03-22 23:32:10.389 [INF] 0HNK860LM0J4E:00000017 WorkManagement.Web.Middleware.RequestLoggingMiddleware HTTP GET /login-google started | RequestId: 0HNK860LM0J4E:00000017 | IP: ::1 | User: anonymous
2026-03-22 23:32:10.453 [INF] 0HNK860LM0J4E:00000017 WorkManagement.Web.Middleware.RequestLoggingMiddleware HTTP GET /login-google 302 completed in 64ms | RequestId: 0HNK860LM0J4E:00000017
2026-03-22 23:32:13.419 [INF] 0HNK860LM0J4E:00000019 WorkManagement.Web.Middleware.RequestLoggingMiddleware HTTP GET /google-response started | RequestId: 0HNK860LM0J4E:00000019 | IP: ::1 | User: anonymous
2026-03-22 23:32:14.128 [INF] 0HNK860LM0J4E:00000019 WorkManagement.Web.Middleware.RequestLoggingMiddleware HTTP GET /google-response 302 completed in 709ms | RequestId: 0HNK860LM0J4E:00000019
2026-03-22 23:32:14.214 [INF] 0HNK860LM0J4E:0000001B WorkManagement.Web.Middleware.RequestLoggingMiddleware HTTP GET /google-response started | RequestId: 0HNK860LM0J4E:0000001B | IP: ::1 | User: anonymous
2026-03-22 23:32:14.293 [ERR] 0HNK860LM0J4E:0000001B WorkManagement.Web.Middleware.RequestLoggingMiddleware HTTP GET /google-response FAILED in 79ms | RequestId: 0HNK860LM0J4E:0000001B
Microsoft.AspNetCore.Authentication.AuthenticationFailureException: An error was encountered while handling the remote login.
 ---> Microsoft.AspNetCore.Authentication.AuthenticationFailureException: The oauth state was missing or invalid.
   --- End of inner exception stack trace ---
   at Microsoft.AspNetCore.Authentication.RemoteAuthenticationHandler`1.HandleRequestAsync()
   at Microsoft.AspNetCore.Authentication.AuthenticationMiddleware.Invoke(HttpContext context)
   at WorkManagement.Web.Middleware.RequestLoggingMiddleware.InvokeAsync(HttpContext context) in D:\SPKT\HocKy2\CongNghePhanMem\DoAn\WorkManagement\WorkManagement.Web\Middleware\RequestLoggingMiddleware.cs:line 36
2026-03-22 23:32:14.429 [ERR] 0HNK860LM0J4E:0000001B WorkManagement.Web.Middleware.WorkManagement.Web.Middleware.GlobalExceptionMiddleware Unhandled exception | RequestId: 0HNK860LM0J4E:0000001B | Path: /google-response | Method: GET
Microsoft.AspNetCore.Authentication.AuthenticationFailureException: An error was encountered while handling the remote login.
 ---> Microsoft.AspNetCore.Authentication.AuthenticationFailureException: The oauth state was missing or invalid.
   --- End of inner exception stack trace ---
   at Microsoft.AspNetCore.Authentication.RemoteAuthenticationHandler`1.HandleRequestAsync()
   at Microsoft.AspNetCore.Authentication.AuthenticationMiddleware.Invoke(HttpContext context)
   at WorkManagement.Web.Middleware.RequestLoggingMiddleware.InvokeAsync(HttpContext context) in D:\SPKT\HocKy2\CongNghePhanMem\DoAn\WorkManagement\WorkManagement.Web\Middleware\RequestLoggingMiddleware.cs:line 36
   at WorkManagement.Web.Middleware.WorkManagement.Web.Middleware.GlobalExceptionMiddleware.InvokeAsync(HttpContext context) in D:\SPKT\HocKy2\CongNghePhanMem\DoAn\WorkManagement\WorkManagement.Web\Middleware\GlobalExceptionMiddleware.cs:line 20
2026-03-22 23:32:14.506 [INF] 0HNK860LM0J4E:0000001D WorkManagement.Web.Middleware.RequestLoggingMiddleware HTTP GET /Home/Error started | RequestId: 0HNK860LM0J4E:0000001D | IP: ::1 | User: anonymous
2026-03-22 23:32:14.518 [INF] 0HNK860LM0J4E:0000001D WorkManagement.Web.Middleware.RequestLoggingMiddleware HTTP GET /Home/Error 302 completed in 11ms | RequestId: 0HNK860LM0J4E:0000001D
2026-03-22 23:32:14.590 [INF] 0HNK860LM0J4E:0000001F WorkManagement.Web.Middleware.RequestLoggingMiddleware HTTP GET /Account/Login started | RequestId: 0HNK860LM0J4E:0000001F | IP: ::1 | User: anonymous
2026-03-22 23:32:14.653 [INF] 0HNK860LM0J4E:0000001F WorkManagement.Web.Middleware.RequestLoggingMiddleware HTTP GET /Account/Login 200 completed in 62ms | RequestId: 0HNK860LM0J4E:0000001F
2026-03-22 23:32:14.663 [WRN] 0HNK860LM0J4E:0000001F Microsoft.WebTools.BrowserLink.Net.BrowserLinkMiddleware Unable to configure Browser Link script injection on the response. 
2026-03-22 23:32:14.667 [WRN] 0HNK860LM0J4E:0000001F Microsoft.AspNetCore.Watch.BrowserRefresh.BrowserRefreshMiddleware Unable to configure browser refresh script injection on the response. Consider manually adding '<script src="/_framework/aspnetcore-browser-refresh.js"></script>' to the body of the page.
2026-03-22 23:34:00.674 [INF]  WorkManagement.Infrastructure.BackgroundJobs.DeadlineReminderJob DeadlineReminderJob started.
2026-03-22 23:34:01.274 [INF]  WorkManagement.Infrastructure.BackgroundJobs.NotificationBackgroundJob NotificationBackgroundJob started.
2026-03-22 23:34:04.467 [INF] 0HNK8639QTAR1:00000001 WorkManagement.Web.Middleware.RequestLoggingMiddleware HTTP GET / started | RequestId: 0HNK8639QTAR1:00000001 | IP: ::1 | User: anonymous
2026-03-22 23:34:05.446 [INF] 0HNK8639QTAR1:00000001 WorkManagement.Web.Middleware.RequestLoggingMiddleware HTTP GET / 200 completed in 987ms | RequestId: 0HNK8639QTAR1:00000001
2026-03-22 23:34:05.473 [WRN] 0HNK8639QTAR1:00000001 Microsoft.WebTools.BrowserLink.Net.BrowserLinkMiddleware Unable to configure Browser Link script injection on the response. 
2026-03-22 23:34:05.481 [WRN] 0HNK8639QTAR1:00000001 Microsoft.AspNetCore.Watch.BrowserRefresh.BrowserRefreshMiddleware Unable to configure browser refresh script injection on the response. Consider manually adding '<script src="/_framework/aspnetcore-browser-refresh.js"></script>' to the body of the page.
2026-03-22 23:34:06.946 [INF] 0HNK8639QTAR1:00000003 WorkManagement.Web.Middleware.RequestLoggingMiddleware HTTP GET /login-google started | RequestId: 0HNK8639QTAR1:00000003 | IP: ::1 | User: anonymous
2026-03-22 23:34:07.107 [INF] 0HNK8639QTAR1:00000003 WorkManagement.Web.Middleware.RequestLoggingMiddleware HTTP GET /login-google 302 completed in 161ms | RequestId: 0HNK8639QTAR1:00000003
2026-03-22 23:35:03.955 [INF]  WorkManagement.Infrastructure.BackgroundJobs.DeadlineReminderJob DeadlineReminderJob started.
2026-03-22 23:35:04.507 [INF]  WorkManagement.Infrastructure.BackgroundJobs.NotificationBackgroundJob NotificationBackgroundJob started.
2026-03-22 23:35:07.179 [INF] 0HNK863SM6L8M:00000001 WorkManagement.Web.Middleware.RequestLoggingMiddleware HTTP GET / started | RequestId: 0HNK863SM6L8M:00000001 | IP: ::1 | User: anonymous
2026-03-22 23:35:08.510 [INF] 0HNK863SM6L8M:00000001 WorkManagement.Web.Middleware.RequestLoggingMiddleware HTTP GET / 200 completed in 1355ms | RequestId: 0HNK863SM6L8M:00000001
2026-03-22 23:35:08.534 [WRN] 0HNK863SM6L8M:00000001 Microsoft.WebTools.BrowserLink.Net.BrowserLinkMiddleware Unable to configure Browser Link script injection on the response. 
2026-03-22 23:35:08.541 [WRN] 0HNK863SM6L8M:00000001 Microsoft.AspNetCore.Watch.BrowserRefresh.BrowserRefreshMiddleware Unable to configure browser refresh script injection on the response. Consider manually adding '<script src="/_framework/aspnetcore-browser-refresh.js"></script>' to the body of the page.
2026-03-22 23:35:09.985 [INF] 0HNK863SM6L8M:00000003 WorkManagement.Web.Middleware.RequestLoggingMiddleware HTTP GET /login-google started | RequestId: 0HNK863SM6L8M:00000003 | IP: ::1 | User: anonymous
2026-03-22 23:35:10.135 [INF] 0HNK863SM6L8M:00000003 WorkManagement.Web.Middleware.RequestLoggingMiddleware HTTP GET /login-google 302 completed in 150ms | RequestId: 0HNK863SM6L8M:00000003
2026-03-22 23:36:07.108 [INF] 0HNK863SM6L8M:00000005 WorkManagement.Web.Middleware.RequestLoggingMiddleware HTTP GET / started | RequestId: 0HNK863SM6L8M:00000005 | IP: ::1 | User: anonymous
2026-03-22 23:36:07.207 [INF] 0HNK863SM6L8M:00000005 WorkManagement.Web.Middleware.RequestLoggingMiddleware HTTP GET / 200 completed in 98ms | RequestId: 0HNK863SM6L8M:00000005
2026-03-22 23:36:07.211 [WRN] 0HNK863SM6L8M:00000005 Microsoft.WebTools.BrowserLink.Net.BrowserLinkMiddleware Unable to configure Browser Link script injection on the response. 
2026-03-22 23:36:07.213 [WRN] 0HNK863SM6L8M:00000005 Microsoft.AspNetCore.Watch.BrowserRefresh.BrowserRefreshMiddleware Unable to configure browser refresh script injection on the response. Consider manually adding '<script src="/_framework/aspnetcore-browser-refresh.js"></script>' to the body of the page.
2026-03-22 23:36:16.599 [INF] 0HNK863SM6L8M:00000007 WorkManagement.Web.Middleware.RequestLoggingMiddleware HTTP GET /login-google started | RequestId: 0HNK863SM6L8M:00000007 | IP: ::1 | User: anonymous
2026-03-22 23:36:16.671 [INF] 0HNK863SM6L8M:00000007 WorkManagement.Web.Middleware.RequestLoggingMiddleware HTTP GET /login-google 302 completed in 72ms | RequestId: 0HNK863SM6L8M:00000007
2026-03-22 23:36:20.281 [INF] 0HNK863SM6L8M:00000009 WorkManagement.Web.Middleware.RequestLoggingMiddleware HTTP GET / started | RequestId: 0HNK863SM6L8M:00000009 | IP: ::1 | User: anonymous
2026-03-22 23:36:20.340 [INF] 0HNK863SM6L8M:00000009 WorkManagement.Web.Middleware.RequestLoggingMiddleware HTTP GET / 200 completed in 59ms | RequestId: 0HNK863SM6L8M:00000009
2026-03-22 23:36:20.352 [WRN] 0HNK863SM6L8M:00000009 Microsoft.WebTools.BrowserLink.Net.BrowserLinkMiddleware Unable to configure Browser Link script injection on the response. 
2026-03-22 23:36:20.358 [WRN] 0HNK863SM6L8M:00000009 Microsoft.AspNetCore.Watch.BrowserRefresh.BrowserRefreshMiddleware Unable to configure browser refresh script injection on the response. Consider manually adding '<script src="/_framework/aspnetcore-browser-refresh.js"></script>' to the body of the page.
2026-03-22 23:36:21.462 [INF] 0HNK863SM6L8M:0000000B WorkManagement.Web.Middleware.RequestLoggingMiddleware HTTP GET / started | RequestId: 0HNK863SM6L8M:0000000B | IP: ::1 | User: anonymous
2026-03-22 23:36:21.540 [INF] 0HNK863SM6L8M:0000000B WorkManagement.Web.Middleware.RequestLoggingMiddleware HTTP GET / 200 completed in 77ms | RequestId: 0HNK863SM6L8M:0000000B
2026-03-22 23:36:21.546 [WRN] 0HNK863SM6L8M:0000000B Microsoft.WebTools.BrowserLink.Net.BrowserLinkMiddleware Unable to configure Browser Link script injection on the response. 
2026-03-22 23:36:21.549 [WRN] 0HNK863SM6L8M:0000000B Microsoft.AspNetCore.Watch.BrowserRefresh.BrowserRefreshMiddleware Unable to configure browser refresh script injection on the response. Consider manually adding '<script src="/_framework/aspnetcore-browser-refresh.js"></script>' to the body of the page.
2026-03-22 23:36:23.586 [INF] 0HNK863SM6L8M:0000000D WorkManagement.Web.Middleware.RequestLoggingMiddleware HTTP GET /login-google started | RequestId: 0HNK863SM6L8M:0000000D | IP: ::1 | User: anonymous
2026-03-22 23:36:23.654 [INF] 0HNK863SM6L8M:0000000D WorkManagement.Web.Middleware.RequestLoggingMiddleware HTTP GET /login-google 302 completed in 68ms | RequestId: 0HNK863SM6L8M:0000000D
2026-03-22 23:36:27.972 [INF] 0HNK863SM6L8M:0000000F WorkManagement.Web.Middleware.RequestLoggingMiddleware HTTP GET /google-response started | RequestId: 0HNK863SM6L8M:0000000F | IP: ::1 | User: anonymous
2026-03-22 23:36:28.660 [INF] 0HNK863SM6L8M:0000000F WorkManagement.Web.Middleware.RequestLoggingMiddleware HTTP GET /google-response 302 completed in 688ms | RequestId: 0HNK863SM6L8M:0000000F
2026-03-22 23:36:28.750 [INF] 0HNK863SM6L8M:00000011 WorkManagement.Web.Middleware.RequestLoggingMiddleware HTTP GET /google-response started | RequestId: 0HNK863SM6L8M:00000011 | IP: ::1 | User: anonymous
2026-03-22 23:36:28.829 [ERR] 0HNK863SM6L8M:00000011 WorkManagement.Web.Middleware.RequestLoggingMiddleware HTTP GET /google-response FAILED in 78ms | RequestId: 0HNK863SM6L8M:00000011
Microsoft.AspNetCore.Authentication.AuthenticationFailureException: An error was encountered while handling the remote login.
 ---> Microsoft.AspNetCore.Authentication.AuthenticationFailureException: The oauth state was missing or invalid.
   --- End of inner exception stack trace ---
   at Microsoft.AspNetCore.Authentication.RemoteAuthenticationHandler`1.HandleRequestAsync()
   at Microsoft.AspNetCore.Authentication.AuthenticationMiddleware.Invoke(HttpContext context)
   at WorkManagement.Web.Middleware.RequestLoggingMiddleware.InvokeAsync(HttpContext context) in D:\SPKT\HocKy2\CongNghePhanMem\DoAn\WorkManagement\WorkManagement.Web\Middleware\RequestLoggingMiddleware.cs:line 36
2026-03-22 23:36:29.031 [ERR] 0HNK863SM6L8M:00000011 WorkManagement.Web.Middleware.WorkManagement.Web.Middleware.GlobalExceptionMiddleware Unhandled exception | RequestId: 0HNK863SM6L8M:00000011 | Path: /google-response | Method: GET
Microsoft.AspNetCore.Authentication.AuthenticationFailureException: An error was encountered while handling the remote login.
 ---> Microsoft.AspNetCore.Authentication.AuthenticationFailureException: The oauth state was missing or invalid.
   --- End of inner exception stack trace ---
   at Microsoft.AspNetCore.Authentication.RemoteAuthenticationHandler`1.HandleRequestAsync()
   at Microsoft.AspNetCore.Authentication.AuthenticationMiddleware.Invoke(HttpContext context)
   at WorkManagement.Web.Middleware.RequestLoggingMiddleware.InvokeAsync(HttpContext context) in D:\SPKT\HocKy2\CongNghePhanMem\DoAn\WorkManagement\WorkManagement.Web\Middleware\RequestLoggingMiddleware.cs:line 36
   at WorkManagement.Web.Middleware.WorkManagement.Web.Middleware.GlobalExceptionMiddleware.InvokeAsync(HttpContext context) in D:\SPKT\HocKy2\CongNghePhanMem\DoAn\WorkManagement\WorkManagement.Web\Middleware\GlobalExceptionMiddleware.cs:line 20
2026-03-22 23:36:29.106 [INF] 0HNK863SM6L8M:00000013 WorkManagement.Web.Middleware.RequestLoggingMiddleware HTTP GET /Home/Error started | RequestId: 0HNK863SM6L8M:00000013 | IP: ::1 | User: anonymous
2026-03-22 23:36:29.139 [INF] 0HNK863SM6L8M:00000013 WorkManagement.Web.Middleware.RequestLoggingMiddleware HTTP GET /Home/Error 302 completed in 32ms | RequestId: 0HNK863SM6L8M:00000013
2026-03-22 23:36:29.217 [INF] 0HNK863SM6L8M:00000015 WorkManagement.Web.Middleware.RequestLoggingMiddleware HTTP GET /Account/Login started | RequestId: 0HNK863SM6L8M:00000015 | IP: ::1 | User: anonymous
2026-03-22 23:36:29.291 [INF] 0HNK863SM6L8M:00000015 WorkManagement.Web.Middleware.RequestLoggingMiddleware HTTP GET /Account/Login 200 completed in 72ms | RequestId: 0HNK863SM6L8M:00000015
2026-03-22 23:36:29.304 [WRN] 0HNK863SM6L8M:00000015 Microsoft.WebTools.BrowserLink.Net.BrowserLinkMiddleware Unable to configure Browser Link script injection on the response. 
2026-03-22 23:36:29.309 [WRN] 0HNK863SM6L8M:00000015 Microsoft.AspNetCore.Watch.BrowserRefresh.BrowserRefreshMiddleware Unable to configure browser refresh script injection on the response. Consider manually adding '<script src="/_framework/aspnetcore-browser-refresh.js"></script>' to the body of the page.
2026-03-22 23:41:53.838 [INF]  WorkManagement.Infrastructure.BackgroundJobs.DeadlineReminderJob DeadlineReminderJob started.
2026-03-22 23:41:54.394 [INF]  WorkManagement.Infrastructure.BackgroundJobs.NotificationBackgroundJob NotificationBackgroundJob started.
2026-03-22 23:41:58.440 [ERR] 0HNK867MPOQNO:00000003 Microsoft.AspNetCore.Diagnostics.DeveloperExceptionPageMiddleware An unhandled exception has occurred while executing the request.
System.OverflowException: Value was either too large or too small for an Int32.
   at System.Number.ThrowOverflowException[TInteger]()
   at System.Int32.Parse(String s)
   at WorkManagement.Web.Controllers.HomeController.get_CurrentUserId() in D:\SPKT\HocKy2\CongNghePhanMem\DoAn\WorkManagement\WorkManagement.Web\Controllers\HomeController.cs:line 17
   at WorkManagement.Web.Controllers.HomeController.Index() in D:\SPKT\HocKy2\CongNghePhanMem\DoAn\WorkManagement\WorkManagement.Web\Controllers\HomeController.cs:line 32
   at Microsoft.AspNetCore.Mvc.Infrastructure.ActionMethodExecutor.TaskOfIActionResultExecutor.Execute(ActionContext actionContext, IActionResultTypeMapper mapper, ObjectMethodExecutor executor, Object controller, Object[] arguments)
   at Microsoft.AspNetCore.Mvc.Infrastructure.ControllerActionInvoker.<InvokeActionMethodAsync>g__Logged|12_1(ControllerActionInvoker invoker)
   at Microsoft.AspNetCore.Mvc.Infrastructure.ControllerActionInvoker.<InvokeNextActionFilterAsync>g__Awaited|10_0(ControllerActionInvoker invoker, Task lastTask, State next, Scope scope, Object state, Boolean isCompleted)
   at Microsoft.AspNetCore.Mvc.Infrastructure.ControllerActionInvoker.Rethrow(ActionExecutedContextSealed context)
   at Microsoft.AspNetCore.Mvc.Infrastructure.ControllerActionInvoker.Next(State& next, Scope& scope, Object& state, Boolean& isCompleted)
   at Microsoft.AspNetCore.Mvc.Infrastructure.ControllerActionInvoker.InvokeInnerFilterAsync()
--- End of stack trace from previous location ---
   at Microsoft.AspNetCore.Mvc.Infrastructure.ResourceInvoker.<InvokeNextResourceFilter>g__Awaited|25_0(ResourceInvoker invoker, Task lastTask, State next, Scope scope, Object state, Boolean isCompleted)
   at Microsoft.AspNetCore.Mvc.Infrastructure.ResourceInvoker.Rethrow(ResourceExecutedContextSealed context)
   at Microsoft.AspNetCore.Mvc.Infrastructure.ResourceInvoker.Next(State& next, Scope& scope, Object& state, Boolean& isCompleted)
   at Microsoft.AspNetCore.Mvc.Infrastructure.ResourceInvoker.InvokeFilterPipelineAsync()
--- End of stack trace from previous location ---
   at Microsoft.AspNetCore.Mvc.Infrastructure.ResourceInvoker.<InvokeAsync>g__Logged|17_1(ResourceInvoker invoker)
   at Microsoft.AspNetCore.Mvc.Infrastructure.ResourceInvoker.<InvokeAsync>g__Logged|17_1(ResourceInvoker invoker)
   at Swashbuckle.AspNetCore.SwaggerUI.SwaggerUIMiddleware.Invoke(HttpContext httpContext)
   at Swashbuckle.AspNetCore.Swagger.SwaggerMiddleware.Invoke(HttpContext httpContext, ISwaggerProvider swaggerProvider)
   at Microsoft.AspNetCore.Authorization.AuthorizationMiddleware.Invoke(HttpContext context)
   at Microsoft.AspNetCore.Authentication.AuthenticationMiddleware.Invoke(HttpContext context)
   at WorkManagement.Web.Middleware.RequestLoggingMiddleware.InvokeAsync(HttpContext context) in D:\SPKT\HocKy2\CongNghePhanMem\DoAn\WorkManagement\WorkManagement.Web\Middleware\RequestLoggingMiddleware.cs:line 22
   at WorkManagement.Web.Middleware.WorkManagement.Web.Middleware.GlobalExceptionMiddleware.InvokeAsync(HttpContext context) in D:\SPKT\HocKy2\CongNghePhanMem\DoAn\WorkManagement\WorkManagement.Web\Middleware\GlobalExceptionMiddleware.cs:line 20
   at WorkManagement.Web.Middleware.WorkManagement.Web.Middleware.GlobalExceptionMiddleware.InvokeAsync(HttpContext context) in D:\SPKT\HocKy2\CongNghePhanMem\DoAn\WorkManagement\WorkManagement.Web\Middleware\GlobalExceptionMiddleware.cs:line 28
   at Microsoft.AspNetCore.Diagnostics.DeveloperExceptionPageMiddlewareImpl.Invoke(HttpContext context)
2026-03-22 23:42:14.602 [ERR] 0HNK867MPOQNO:0000000B Microsoft.AspNetCore.Diagnostics.DeveloperExceptionPageMiddleware An unhandled exception has occurred while executing the request.
System.OverflowException: Value was either too large or too small for an Int32.
   at System.Number.ThrowOverflowException[TInteger]()
   at System.Int32.Parse(String s)
   at WorkManagement.Web.Controllers.HomeController.get_CurrentUserId() in D:\SPKT\HocKy2\CongNghePhanMem\DoAn\WorkManagement\WorkManagement.Web\Controllers\HomeController.cs:line 17
   at WorkManagement.Web.Controllers.HomeController.Index() in D:\SPKT\HocKy2\CongNghePhanMem\DoAn\WorkManagement\WorkManagement.Web\Controllers\HomeController.cs:line 32
   at Microsoft.AspNetCore.Mvc.Infrastructure.ActionMethodExecutor.TaskOfIActionResultExecutor.Execute(ActionContext actionContext, IActionResultTypeMapper mapper, ObjectMethodExecutor executor, Object controller, Object[] arguments)
   at Microsoft.AspNetCore.Mvc.Infrastructure.ControllerActionInvoker.<InvokeActionMethodAsync>g__Logged|12_1(ControllerActionInvoker invoker)
   at Microsoft.AspNetCore.Mvc.Infrastructure.ControllerActionInvoker.<InvokeNextActionFilterAsync>g__Awaited|10_0(ControllerActionInvoker invoker, Task lastTask, State next, Scope scope, Object state, Boolean isCompleted)
   at Microsoft.AspNetCore.Mvc.Infrastructure.ControllerActionInvoker.Rethrow(ActionExecutedContextSealed context)
   at Microsoft.AspNetCore.Mvc.Infrastructure.ControllerActionInvoker.Next(State& next, Scope& scope, Object& state, Boolean& isCompleted)
   at Microsoft.AspNetCore.Mvc.Infrastructure.ControllerActionInvoker.InvokeInnerFilterAsync()
--- End of stack trace from previous location ---
   at Microsoft.AspNetCore.Mvc.Infrastructure.ResourceInvoker.<InvokeNextResourceFilter>g__Awaited|25_0(ResourceInvoker invoker, Task lastTask, State next, Scope scope, Object state, Boolean isCompleted)
   at Microsoft.AspNetCore.Mvc.Infrastructure.ResourceInvoker.Rethrow(ResourceExecutedContextSealed context)
   at Microsoft.AspNetCore.Mvc.Infrastructure.ResourceInvoker.Next(State& next, Scope& scope, Object& state, Boolean& isCompleted)
   at Microsoft.AspNetCore.Mvc.Infrastructure.ResourceInvoker.InvokeFilterPipelineAsync()
--- End of stack trace from previous location ---
   at Microsoft.AspNetCore.Mvc.Infrastructure.ResourceInvoker.<InvokeAsync>g__Logged|17_1(ResourceInvoker invoker)
   at Microsoft.AspNetCore.Mvc.Infrastructure.ResourceInvoker.<InvokeAsync>g__Logged|17_1(ResourceInvoker invoker)
   at Swashbuckle.AspNetCore.SwaggerUI.SwaggerUIMiddleware.Invoke(HttpContext httpContext)
   at Swashbuckle.AspNetCore.Swagger.SwaggerMiddleware.Invoke(HttpContext httpContext, ISwaggerProvider swaggerProvider)
   at Microsoft.AspNetCore.Authorization.AuthorizationMiddleware.Invoke(HttpContext context)
   at Microsoft.AspNetCore.Authentication.AuthenticationMiddleware.Invoke(HttpContext context)
   at WorkManagement.Web.Middleware.RequestLoggingMiddleware.InvokeAsync(HttpContext context) in D:\SPKT\HocKy2\CongNghePhanMem\DoAn\WorkManagement\WorkManagement.Web\Middleware\RequestLoggingMiddleware.cs:line 22
   at WorkManagement.Web.Middleware.WorkManagement.Web.Middleware.GlobalExceptionMiddleware.InvokeAsync(HttpContext context) in D:\SPKT\HocKy2\CongNghePhanMem\DoAn\WorkManagement\WorkManagement.Web\Middleware\GlobalExceptionMiddleware.cs:line 20
   at WorkManagement.Web.Middleware.WorkManagement.Web.Middleware.GlobalExceptionMiddleware.InvokeAsync(HttpContext context) in D:\SPKT\HocKy2\CongNghePhanMem\DoAn\WorkManagement\WorkManagement.Web\Middleware\GlobalExceptionMiddleware.cs:line 28
   at Microsoft.AspNetCore.Diagnostics.DeveloperExceptionPageMiddlewareImpl.Invoke(HttpContext context)
2026-03-22 23:42:56.813 [ERR] 0HNK867MPOQNO:00000019 Microsoft.AspNetCore.Diagnostics.DeveloperExceptionPageMiddleware An unhandled exception has occurred while executing the request.
System.OverflowException: Value was either too large or too small for an Int32.
   at System.Number.ThrowOverflowException[TInteger]()
   at System.Int32.Parse(String s)
   at WorkManagement.Web.Controllers.HomeController.get_CurrentUserId() in D:\SPKT\HocKy2\CongNghePhanMem\DoAn\WorkManagement\WorkManagement.Web\Controllers\HomeController.cs:line 17
   at WorkManagement.Web.Controllers.HomeController.Index() in D:\SPKT\HocKy2\CongNghePhanMem\DoAn\WorkManagement\WorkManagement.Web\Controllers\HomeController.cs:line 32
   at Microsoft.AspNetCore.Mvc.Infrastructure.ActionMethodExecutor.TaskOfIActionResultExecutor.Execute(ActionContext actionContext, IActionResultTypeMapper mapper, ObjectMethodExecutor executor, Object controller, Object[] arguments)
   at Microsoft.AspNetCore.Mvc.Infrastructure.ControllerActionInvoker.<InvokeActionMethodAsync>g__Logged|12_1(ControllerActionInvoker invoker)
   at Microsoft.AspNetCore.Mvc.Infrastructure.ControllerActionInvoker.<InvokeNextActionFilterAsync>g__Awaited|10_0(ControllerActionInvoker invoker, Task lastTask, State next, Scope scope, Object state, Boolean isCompleted)
   at Microsoft.AspNetCore.Mvc.Infrastructure.ControllerActionInvoker.Rethrow(ActionExecutedContextSealed context)
   at Microsoft.AspNetCore.Mvc.Infrastructure.ControllerActionInvoker.Next(State& next, Scope& scope, Object& state, Boolean& isCompleted)
   at Microsoft.AspNetCore.Mvc.Infrastructure.ControllerActionInvoker.InvokeInnerFilterAsync()
--- End of stack trace from previous location ---
   at Microsoft.AspNetCore.Mvc.Infrastructure.ResourceInvoker.<InvokeNextResourceFilter>g__Awaited|25_0(ResourceInvoker invoker, Task lastTask, State next, Scope scope, Object state, Boolean isCompleted)
   at Microsoft.AspNetCore.Mvc.Infrastructure.ResourceInvoker.Rethrow(ResourceExecutedContextSealed context)
   at Microsoft.AspNetCore.Mvc.Infrastructure.ResourceInvoker.Next(State& next, Scope& scope, Object& state, Boolean& isCompleted)
   at Microsoft.AspNetCore.Mvc.Infrastructure.ResourceInvoker.InvokeFilterPipelineAsync()
--- End of stack trace from previous location ---
   at Microsoft.AspNetCore.Mvc.Infrastructure.ResourceInvoker.<InvokeAsync>g__Logged|17_1(ResourceInvoker invoker)
   at Microsoft.AspNetCore.Mvc.Infrastructure.ResourceInvoker.<InvokeAsync>g__Logged|17_1(ResourceInvoker invoker)
   at Swashbuckle.AspNetCore.SwaggerUI.SwaggerUIMiddleware.Invoke(HttpContext httpContext)
   at Swashbuckle.AspNetCore.Swagger.SwaggerMiddleware.Invoke(HttpContext httpContext, ISwaggerProvider swaggerProvider)
   at Microsoft.AspNetCore.Authorization.AuthorizationMiddleware.Invoke(HttpContext context)
   at Microsoft.AspNetCore.Authentication.AuthenticationMiddleware.Invoke(HttpContext context)
   at WorkManagement.Web.Middleware.RequestLoggingMiddleware.InvokeAsync(HttpContext context) in D:\SPKT\HocKy2\CongNghePhanMem\DoAn\WorkManagement\WorkManagement.Web\Middleware\RequestLoggingMiddleware.cs:line 22
   at WorkManagement.Web.Middleware.WorkManagement.Web.Middleware.GlobalExceptionMiddleware.InvokeAsync(HttpContext context) in D:\SPKT\HocKy2\CongNghePhanMem\DoAn\WorkManagement\WorkManagement.Web\Middleware\GlobalExceptionMiddleware.cs:line 20
   at WorkManagement.Web.Middleware.WorkManagement.Web.Middleware.GlobalExceptionMiddleware.InvokeAsync(HttpContext context) in D:\SPKT\HocKy2\CongNghePhanMem\DoAn\WorkManagement\WorkManagement.Web\Middleware\GlobalExceptionMiddleware.cs:line 28
   at Microsoft.AspNetCore.Diagnostics.DeveloperExceptionPageMiddlewareImpl.Invoke(HttpContext context)
2026-03-22 23:46:51.147 [ERR] 0HNK867MPOQNO:00000031 Microsoft.AspNetCore.Diagnostics.DeveloperExceptionPageMiddleware An unhandled exception has occurred while executing the request.
System.OverflowException: Value was either too large or too small for an Int32.
   at System.Number.ThrowOverflowException[TInteger]()
   at System.Int32.Parse(String s)
   at WorkManagement.Web.Controllers.HomeController.get_CurrentUserId() in D:\SPKT\HocKy2\CongNghePhanMem\DoAn\WorkManagement\WorkManagement.Web\Controllers\HomeController.cs:line 17
   at WorkManagement.Web.Controllers.HomeController.Index() in D:\SPKT\HocKy2\CongNghePhanMem\DoAn\WorkManagement\WorkManagement.Web\Controllers\HomeController.cs:line 32
   at Microsoft.AspNetCore.Mvc.Infrastructure.ActionMethodExecutor.TaskOfIActionResultExecutor.Execute(ActionContext actionContext, IActionResultTypeMapper mapper, ObjectMethodExecutor executor, Object controller, Object[] arguments)
   at Microsoft.AspNetCore.Mvc.Infrastructure.ControllerActionInvoker.<InvokeActionMethodAsync>g__Logged|12_1(ControllerActionInvoker invoker)
   at Microsoft.AspNetCore.Mvc.Infrastructure.ControllerActionInvoker.<InvokeNextActionFilterAsync>g__Awaited|10_0(ControllerActionInvoker invoker, Task lastTask, State next, Scope scope, Object state, Boolean isCompleted)
   at Microsoft.AspNetCore.Mvc.Infrastructure.ControllerActionInvoker.Rethrow(ActionExecutedContextSealed context)
   at Microsoft.AspNetCore.Mvc.Infrastructure.ControllerActionInvoker.Next(State& next, Scope& scope, Object& state, Boolean& isCompleted)
   at Microsoft.AspNetCore.Mvc.Infrastructure.ControllerActionInvoker.InvokeInnerFilterAsync()
--- End of stack trace from previous location ---
   at Microsoft.AspNetCore.Mvc.Infrastructure.ResourceInvoker.<InvokeNextResourceFilter>g__Awaited|25_0(ResourceInvoker invoker, Task lastTask, State next, Scope scope, Object state, Boolean isCompleted)
   at Microsoft.AspNetCore.Mvc.Infrastructure.ResourceInvoker.Rethrow(ResourceExecutedContextSealed context)
   at Microsoft.AspNetCore.Mvc.Infrastructure.ResourceInvoker.Next(State& next, Scope& scope, Object& state, Boolean& isCompleted)
   at Microsoft.AspNetCore.Mvc.Infrastructure.ResourceInvoker.InvokeFilterPipelineAsync()
--- End of stack trace from previous location ---
   at Microsoft.AspNetCore.Mvc.Infrastructure.ResourceInvoker.<InvokeAsync>g__Logged|17_1(ResourceInvoker invoker)
   at Microsoft.AspNetCore.Mvc.Infrastructure.ResourceInvoker.<InvokeAsync>g__Logged|17_1(ResourceInvoker invoker)
   at Swashbuckle.AspNetCore.SwaggerUI.SwaggerUIMiddleware.Invoke(HttpContext httpContext)
   at Swashbuckle.AspNetCore.Swagger.SwaggerMiddleware.Invoke(HttpContext httpContext, ISwaggerProvider swaggerProvider)
   at Microsoft.AspNetCore.Authorization.AuthorizationMiddleware.Invoke(HttpContext context)
   at Microsoft.AspNetCore.Authentication.AuthenticationMiddleware.Invoke(HttpContext context)
   at WorkManagement.Web.Middleware.RequestLoggingMiddleware.InvokeAsync(HttpContext context) in D:\SPKT\HocKy2\CongNghePhanMem\DoAn\WorkManagement\WorkManagement.Web\Middleware\RequestLoggingMiddleware.cs:line 22
   at WorkManagement.Web.Middleware.WorkManagement.Web.Middleware.GlobalExceptionMiddleware.InvokeAsync(HttpContext context) in D:\SPKT\HocKy2\CongNghePhanMem\DoAn\WorkManagement\WorkManagement.Web\Middleware\GlobalExceptionMiddleware.cs:line 20
   at WorkManagement.Web.Middleware.WorkManagement.Web.Middleware.GlobalExceptionMiddleware.InvokeAsync(HttpContext context) in D:\SPKT\HocKy2\CongNghePhanMem\DoAn\WorkManagement\WorkManagement.Web\Middleware\GlobalExceptionMiddleware.cs:line 28
   at Microsoft.AspNetCore.Diagnostics.DeveloperExceptionPageMiddlewareImpl.Invoke(HttpContext context)
2026-03-22 23:47:02.994 [WRN] 0HNK867MPOQNP:00000001 Microsoft.WebTools.BrowserLink.Net.BrowserLinkMiddleware Unable to configure Browser Link script injection on the response. 
2026-03-22 23:47:02.998 [WRN] 0HNK867MPOQNP:00000001 Microsoft.AspNetCore.Watch.BrowserRefresh.BrowserRefreshMiddleware Unable to configure browser refresh script injection on the response. Consider manually adding '<script src="/_framework/aspnetcore-browser-refresh.js"></script>' to the body of the page.
2026-03-22 23:47:22.202 [ERR] 0HNK867MPOQNP:0000000B Microsoft.AspNetCore.Diagnostics.DeveloperExceptionPageMiddleware An unhandled exception has occurred while executing the request.
Microsoft.AspNetCore.Authentication.AuthenticationFailureException: An error was encountered while handling the remote login.
 ---> Microsoft.AspNetCore.Authentication.AuthenticationFailureException: The oauth state was missing or invalid.
   --- End of inner exception stack trace ---
   at Microsoft.AspNetCore.Authentication.RemoteAuthenticationHandler`1.HandleRequestAsync()
   at Microsoft.AspNetCore.Authentication.AuthenticationMiddleware.Invoke(HttpContext context)
   at WorkManagement.Web.Middleware.RequestLoggingMiddleware.InvokeAsync(HttpContext context) in D:\SPKT\HocKy2\CongNghePhanMem\DoAn\WorkManagement\WorkManagement.Web\Middleware\RequestLoggingMiddleware.cs:line 22
   at WorkManagement.Web.Middleware.WorkManagement.Web.Middleware.GlobalExceptionMiddleware.InvokeAsync(HttpContext context) in D:\SPKT\HocKy2\CongNghePhanMem\DoAn\WorkManagement\WorkManagement.Web\Middleware\GlobalExceptionMiddleware.cs:line 20
   at WorkManagement.Web.Middleware.WorkManagement.Web.Middleware.GlobalExceptionMiddleware.InvokeAsync(HttpContext context) in D:\SPKT\HocKy2\CongNghePhanMem\DoAn\WorkManagement\WorkManagement.Web\Middleware\GlobalExceptionMiddleware.cs:line 28
   at Microsoft.AspNetCore.Diagnostics.DeveloperExceptionPageMiddlewareImpl.Invoke(HttpContext context)
2026-03-22 23:48:03.990 [ERR] 0HNK867MPOQNP:00000013 Microsoft.AspNetCore.Diagnostics.DeveloperExceptionPageMiddleware An unhandled exception has occurred while executing the request.
Microsoft.AspNetCore.Authentication.AuthenticationFailureException: An error was encountered while handling the remote login.
 ---> Microsoft.AspNetCore.Authentication.AuthenticationFailureException: The oauth state was missing or invalid.
   --- End of inner exception stack trace ---
   at Microsoft.AspNetCore.Authentication.RemoteAuthenticationHandler`1.HandleRequestAsync()
   at Microsoft.AspNetCore.Authentication.AuthenticationMiddleware.Invoke(HttpContext context)
   at WorkManagement.Web.Middleware.RequestLoggingMiddleware.InvokeAsync(HttpContext context) in D:\SPKT\HocKy2\CongNghePhanMem\DoAn\WorkManagement\WorkManagement.Web\Middleware\RequestLoggingMiddleware.cs:line 22
   at WorkManagement.Web.Middleware.WorkManagement.Web.Middleware.GlobalExceptionMiddleware.InvokeAsync(HttpContext context) in D:\SPKT\HocKy2\CongNghePhanMem\DoAn\WorkManagement\WorkManagement.Web\Middleware\GlobalExceptionMiddleware.cs:line 20
   at WorkManagement.Web.Middleware.WorkManagement.Web.Middleware.GlobalExceptionMiddleware.InvokeAsync(HttpContext context) in D:\SPKT\HocKy2\CongNghePhanMem\DoAn\WorkManagement\WorkManagement.Web\Middleware\GlobalExceptionMiddleware.cs:line 28
   at Microsoft.AspNetCore.Diagnostics.DeveloperExceptionPageMiddlewareImpl.Invoke(HttpContext context)
2026-03-22 23:49:45.503 [ERR] 0HNK867MPOQNO:00000039 Microsoft.AspNetCore.Diagnostics.DeveloperExceptionPageMiddleware An unhandled exception has occurred while executing the request.
System.OverflowException: Value was either too large or too small for an Int32.
   at System.Number.ThrowOverflowException[TInteger]()
   at System.Int32.Parse(String s)
   at WorkManagement.Web.Controllers.HomeController.get_CurrentUserId() in D:\SPKT\HocKy2\CongNghePhanMem\DoAn\WorkManagement\WorkManagement.Web\Controllers\HomeController.cs:line 17
   at WorkManagement.Web.Controllers.HomeController.Index() in D:\SPKT\HocKy2\CongNghePhanMem\DoAn\WorkManagement\WorkManagement.Web\Controllers\HomeController.cs:line 32
   at Microsoft.AspNetCore.Mvc.Infrastructure.ActionMethodExecutor.TaskOfIActionResultExecutor.Execute(ActionContext actionContext, IActionResultTypeMapper mapper, ObjectMethodExecutor executor, Object controller, Object[] arguments)
   at Microsoft.AspNetCore.Mvc.Infrastructure.ControllerActionInvoker.<InvokeActionMethodAsync>g__Logged|12_1(ControllerActionInvoker invoker)
   at Microsoft.AspNetCore.Mvc.Infrastructure.ControllerActionInvoker.<InvokeNextActionFilterAsync>g__Awaited|10_0(ControllerActionInvoker invoker, Task lastTask, State next, Scope scope, Object state, Boolean isCompleted)
   at Microsoft.AspNetCore.Mvc.Infrastructure.ControllerActionInvoker.Rethrow(ActionExecutedContextSealed context)
   at Microsoft.AspNetCore.Mvc.Infrastructure.ControllerActionInvoker.Next(State& next, Scope& scope, Object& state, Boolean& isCompleted)
   at Microsoft.AspNetCore.Mvc.Infrastructure.ControllerActionInvoker.InvokeInnerFilterAsync()
--- End of stack trace from previous location ---
   at Microsoft.AspNetCore.Mvc.Infrastructure.ResourceInvoker.<InvokeNextResourceFilter>g__Awaited|25_0(ResourceInvoker invoker, Task lastTask, State next, Scope scope, Object state, Boolean isCompleted)
   at Microsoft.AspNetCore.Mvc.Infrastructure.ResourceInvoker.Rethrow(ResourceExecutedContextSealed context)
   at Microsoft.AspNetCore.Mvc.Infrastructure.ResourceInvoker.Next(State& next, Scope& scope, Object& state, Boolean& isCompleted)
   at Microsoft.AspNetCore.Mvc.Infrastructure.ResourceInvoker.InvokeFilterPipelineAsync()
--- End of stack trace from previous location ---
   at Microsoft.AspNetCore.Mvc.Infrastructure.ResourceInvoker.<InvokeAsync>g__Logged|17_1(ResourceInvoker invoker)
   at Microsoft.AspNetCore.Mvc.Infrastructure.ResourceInvoker.<InvokeAsync>g__Logged|17_1(ResourceInvoker invoker)
   at Swashbuckle.AspNetCore.SwaggerUI.SwaggerUIMiddleware.Invoke(HttpContext httpContext)
   at Swashbuckle.AspNetCore.Swagger.SwaggerMiddleware.Invoke(HttpContext httpContext, ISwaggerProvider swaggerProvider)
   at Microsoft.AspNetCore.Authorization.AuthorizationMiddleware.Invoke(HttpContext context)
   at Microsoft.AspNetCore.Authentication.AuthenticationMiddleware.Invoke(HttpContext context)
   at WorkManagement.Web.Middleware.RequestLoggingMiddleware.InvokeAsync(HttpContext context) in D:\SPKT\HocKy2\CongNghePhanMem\DoAn\WorkManagement\WorkManagement.Web\Middleware\RequestLoggingMiddleware.cs:line 22
   at WorkManagement.Web.Middleware.WorkManagement.Web.Middleware.GlobalExceptionMiddleware.InvokeAsync(HttpContext context) in D:\SPKT\HocKy2\CongNghePhanMem\DoAn\WorkManagement\WorkManagement.Web\Middleware\GlobalExceptionMiddleware.cs:line 20
   at WorkManagement.Web.Middleware.WorkManagement.Web.Middleware.GlobalExceptionMiddleware.InvokeAsync(HttpContext context) in D:\SPKT\HocKy2\CongNghePhanMem\DoAn\WorkManagement\WorkManagement.Web\Middleware\GlobalExceptionMiddleware.cs:line 28
   at Microsoft.AspNetCore.Diagnostics.DeveloperExceptionPageMiddlewareImpl.Invoke(HttpContext context)
2026-03-22 23:53:00.165 [ERR] 0HNK867MPOQNO:0000003F Microsoft.AspNetCore.Diagnostics.DeveloperExceptionPageMiddleware An unhandled exception has occurred while executing the request.
System.OverflowException: Value was either too large or too small for an Int32.
   at System.Number.ThrowOverflowException[TInteger]()
   at System.Int32.Parse(String s)
   at WorkManagement.Web.Controllers.HomeController.get_CurrentUserId() in D:\SPKT\HocKy2\CongNghePhanMem\DoAn\WorkManagement\WorkManagement.Web\Controllers\HomeController.cs:line 17
   at WorkManagement.Web.Controllers.HomeController.Index() in D:\SPKT\HocKy2\CongNghePhanMem\DoAn\WorkManagement\WorkManagement.Web\Controllers\HomeController.cs:line 32
   at Microsoft.AspNetCore.Mvc.Infrastructure.ActionMethodExecutor.TaskOfIActionResultExecutor.Execute(ActionContext actionContext, IActionResultTypeMapper mapper, ObjectMethodExecutor executor, Object controller, Object[] arguments)
   at Microsoft.AspNetCore.Mvc.Infrastructure.ControllerActionInvoker.<InvokeActionMethodAsync>g__Logged|12_1(ControllerActionInvoker invoker)
   at Microsoft.AspNetCore.Mvc.Infrastructure.ControllerActionInvoker.<InvokeNextActionFilterAsync>g__Awaited|10_0(ControllerActionInvoker invoker, Task lastTask, State next, Scope scope, Object state, Boolean isCompleted)
   at Microsoft.AspNetCore.Mvc.Infrastructure.ControllerActionInvoker.Rethrow(ActionExecutedContextSealed context)
   at Microsoft.AspNetCore.Mvc.Infrastructure.ControllerActionInvoker.Next(State& next, Scope& scope, Object& state, Boolean& isCompleted)
   at Microsoft.AspNetCore.Mvc.Infrastructure.ControllerActionInvoker.InvokeInnerFilterAsync()
--- End of stack trace from previous location ---
   at Microsoft.AspNetCore.Mvc.Infrastructure.ResourceInvoker.<InvokeNextResourceFilter>g__Awaited|25_0(ResourceInvoker invoker, Task lastTask, State next, Scope scope, Object state, Boolean isCompleted)
   at Microsoft.AspNetCore.Mvc.Infrastructure.ResourceInvoker.Rethrow(ResourceExecutedContextSealed context)
   at Microsoft.AspNetCore.Mvc.Infrastructure.ResourceInvoker.Next(State& next, Scope& scope, Object& state, Boolean& isCompleted)
   at Microsoft.AspNetCore.Mvc.Infrastructure.ResourceInvoker.InvokeFilterPipelineAsync()
--- End of stack trace from previous location ---
   at Microsoft.AspNetCore.Mvc.Infrastructure.ResourceInvoker.<InvokeAsync>g__Logged|17_1(ResourceInvoker invoker)
   at Microsoft.AspNetCore.Mvc.Infrastructure.ResourceInvoker.<InvokeAsync>g__Logged|17_1(ResourceInvoker invoker)
   at Swashbuckle.AspNetCore.SwaggerUI.SwaggerUIMiddleware.Invoke(HttpContext httpContext)
   at Swashbuckle.AspNetCore.Swagger.SwaggerMiddleware.Invoke(HttpContext httpContext, ISwaggerProvider swaggerProvider)
   at Microsoft.AspNetCore.Authorization.AuthorizationMiddleware.Invoke(HttpContext context)
   at Microsoft.AspNetCore.Authentication.AuthenticationMiddleware.Invoke(HttpContext context)
   at WorkManagement.Web.Middleware.RequestLoggingMiddleware.InvokeAsync(HttpContext context) in D:\SPKT\HocKy2\CongNghePhanMem\DoAn\WorkManagement\WorkManagement.Web\Middleware\RequestLoggingMiddleware.cs:line 22
   at WorkManagement.Web.Middleware.WorkManagement.Web.Middleware.GlobalExceptionMiddleware.InvokeAsync(HttpContext context) in D:\SPKT\HocKy2\CongNghePhanMem\DoAn\WorkManagement\WorkManagement.Web\Middleware\GlobalExceptionMiddleware.cs:line 20
   at WorkManagement.Web.Middleware.WorkManagement.Web.Middleware.GlobalExceptionMiddleware.InvokeAsync(HttpContext context) in D:\SPKT\HocKy2\CongNghePhanMem\DoAn\WorkManagement\WorkManagement.Web\Middleware\GlobalExceptionMiddleware.cs:line 28
   at Microsoft.AspNetCore.Diagnostics.DeveloperExceptionPageMiddlewareImpl.Invoke(HttpContext context)
2026-03-22 23:53:25.910 [INF]  WorkManagement.Infrastructure.BackgroundJobs.DeadlineReminderJob DeadlineReminderJob started.
2026-03-22 23:53:26.445 [INF]  WorkManagement.Infrastructure.BackgroundJobs.NotificationBackgroundJob NotificationBackgroundJob started.
2026-03-22 23:53:29.962 [ERR] 0HNK86E52ODHK:00000003 Microsoft.AspNetCore.Diagnostics.DeveloperExceptionPageMiddleware An unhandled exception has occurred while executing the request.
System.OverflowException: Value was either too large or too small for an Int32.
   at System.Number.ThrowOverflowException[TInteger]()
   at System.Int32.Parse(String s)
   at WorkManagement.Web.Controllers.HomeController.get_CurrentUserId() in D:\SPKT\HocKy2\CongNghePhanMem\DoAn\WorkManagement\WorkManagement.Web\Controllers\HomeController.cs:line 17
   at WorkManagement.Web.Controllers.HomeController.Index() in D:\SPKT\HocKy2\CongNghePhanMem\DoAn\WorkManagement\WorkManagement.Web\Controllers\HomeController.cs:line 32
   at Microsoft.AspNetCore.Mvc.Infrastructure.ActionMethodExecutor.TaskOfIActionResultExecutor.Execute(ActionContext actionContext, IActionResultTypeMapper mapper, ObjectMethodExecutor executor, Object controller, Object[] arguments)
   at Microsoft.AspNetCore.Mvc.Infrastructure.ControllerActionInvoker.<InvokeActionMethodAsync>g__Logged|12_1(ControllerActionInvoker invoker)
   at Microsoft.AspNetCore.Mvc.Infrastructure.ControllerActionInvoker.<InvokeNextActionFilterAsync>g__Awaited|10_0(ControllerActionInvoker invoker, Task lastTask, State next, Scope scope, Object state, Boolean isCompleted)
   at Microsoft.AspNetCore.Mvc.Infrastructure.ControllerActionInvoker.Rethrow(ActionExecutedContextSealed context)
   at Microsoft.AspNetCore.Mvc.Infrastructure.ControllerActionInvoker.Next(State& next, Scope& scope, Object& state, Boolean& isCompleted)
   at Microsoft.AspNetCore.Mvc.Infrastructure.ControllerActionInvoker.InvokeInnerFilterAsync()
--- End of stack trace from previous location ---
   at Microsoft.AspNetCore.Mvc.Infrastructure.ResourceInvoker.<InvokeNextResourceFilter>g__Awaited|25_0(ResourceInvoker invoker, Task lastTask, State next, Scope scope, Object state, Boolean isCompleted)
   at Microsoft.AspNetCore.Mvc.Infrastructure.ResourceInvoker.Rethrow(ResourceExecutedContextSealed context)
   at Microsoft.AspNetCore.Mvc.Infrastructure.ResourceInvoker.Next(State& next, Scope& scope, Object& state, Boolean& isCompleted)
   at Microsoft.AspNetCore.Mvc.Infrastructure.ResourceInvoker.InvokeFilterPipelineAsync()
--- End of stack trace from previous location ---
   at Microsoft.AspNetCore.Mvc.Infrastructure.ResourceInvoker.<InvokeAsync>g__Logged|17_1(ResourceInvoker invoker)
   at Microsoft.AspNetCore.Mvc.Infrastructure.ResourceInvoker.<InvokeAsync>g__Logged|17_1(ResourceInvoker invoker)
   at Swashbuckle.AspNetCore.SwaggerUI.SwaggerUIMiddleware.Invoke(HttpContext httpContext)
   at Swashbuckle.AspNetCore.Swagger.SwaggerMiddleware.Invoke(HttpContext httpContext, ISwaggerProvider swaggerProvider)
   at Microsoft.AspNetCore.Authorization.AuthorizationMiddleware.Invoke(HttpContext context)
   at Microsoft.AspNetCore.Authentication.AuthenticationMiddleware.Invoke(HttpContext context)
   at WorkManagement.Web.Middleware.RequestLoggingMiddleware.InvokeAsync(HttpContext context) in D:\SPKT\HocKy2\CongNghePhanMem\DoAn\WorkManagement\WorkManagement.Web\Middleware\RequestLoggingMiddleware.cs:line 22
   at WorkManagement.Web.Middleware.WorkManagement.Web.Middleware.GlobalExceptionMiddleware.InvokeAsync(HttpContext context) in D:\SPKT\HocKy2\CongNghePhanMem\DoAn\WorkManagement\WorkManagement.Web\Middleware\GlobalExceptionMiddleware.cs:line 20
   at WorkManagement.Web.Middleware.WorkManagement.Web.Middleware.GlobalExceptionMiddleware.InvokeAsync(HttpContext context) in D:\SPKT\HocKy2\CongNghePhanMem\DoAn\WorkManagement\WorkManagement.Web\Middleware\GlobalExceptionMiddleware.cs:line 28
   at Microsoft.AspNetCore.Diagnostics.DeveloperExceptionPageMiddlewareImpl.Invoke(HttpContext context)
2026-03-22 23:53:48.394 [ERR] 0HNK86E52ODHL:00000001 Microsoft.AspNetCore.Diagnostics.DeveloperExceptionPageMiddleware An unhandled exception has occurred while executing the request.
Microsoft.AspNetCore.Authentication.AuthenticationFailureException: An error was encountered while handling the remote login.
 ---> Microsoft.AspNetCore.Authentication.AuthenticationFailureException: The oauth state was missing or invalid.
   --- End of inner exception stack trace ---
   at Microsoft.AspNetCore.Authentication.RemoteAuthenticationHandler`1.HandleRequestAsync()
   at Microsoft.AspNetCore.Authentication.AuthenticationMiddleware.Invoke(HttpContext context)
   at WorkManagement.Web.Middleware.RequestLoggingMiddleware.InvokeAsync(HttpContext context) in D:\SPKT\HocKy2\CongNghePhanMem\DoAn\WorkManagement\WorkManagement.Web\Middleware\RequestLoggingMiddleware.cs:line 22
   at WorkManagement.Web.Middleware.WorkManagement.Web.Middleware.GlobalExceptionMiddleware.InvokeAsync(HttpContext context) in D:\SPKT\HocKy2\CongNghePhanMem\DoAn\WorkManagement\WorkManagement.Web\Middleware\GlobalExceptionMiddleware.cs:line 20
   at WorkManagement.Web.Middleware.WorkManagement.Web.Middleware.GlobalExceptionMiddleware.InvokeAsync(HttpContext context) in D:\SPKT\HocKy2\CongNghePhanMem\DoAn\WorkManagement\WorkManagement.Web\Middleware\GlobalExceptionMiddleware.cs:line 28
   at Microsoft.AspNetCore.Diagnostics.DeveloperExceptionPageMiddlewareImpl.Invoke(HttpContext context)
2026-03-22 23:53:52.595 [ERR] 0HNK86E52ODHK:0000000B Microsoft.AspNetCore.Diagnostics.DeveloperExceptionPageMiddleware An unhandled exception has occurred while executing the request.
System.OverflowException: Value was either too large or too small for an Int32.
   at System.Number.ThrowOverflowException[TInteger]()
   at System.Int32.Parse(String s)
   at WorkManagement.Web.Controllers.HomeController.get_CurrentUserId() in D:\SPKT\HocKy2\CongNghePhanMem\DoAn\WorkManagement\WorkManagement.Web\Controllers\HomeController.cs:line 17
   at WorkManagement.Web.Controllers.HomeController.Index() in D:\SPKT\HocKy2\CongNghePhanMem\DoAn\WorkManagement\WorkManagement.Web\Controllers\HomeController.cs:line 32
   at Microsoft.AspNetCore.Mvc.Infrastructure.ActionMethodExecutor.TaskOfIActionResultExecutor.Execute(ActionContext actionContext, IActionResultTypeMapper mapper, ObjectMethodExecutor executor, Object controller, Object[] arguments)
   at Microsoft.AspNetCore.Mvc.Infrastructure.ControllerActionInvoker.<InvokeActionMethodAsync>g__Logged|12_1(ControllerActionInvoker invoker)
   at Microsoft.AspNetCore.Mvc.Infrastructure.ControllerActionInvoker.<InvokeNextActionFilterAsync>g__Awaited|10_0(ControllerActionInvoker invoker, Task lastTask, State next, Scope scope, Object state, Boolean isCompleted)
   at Microsoft.AspNetCore.Mvc.Infrastructure.ControllerActionInvoker.Rethrow(ActionExecutedContextSealed context)
   at Microsoft.AspNetCore.Mvc.Infrastructure.ControllerActionInvoker.Next(State& next, Scope& scope, Object& state, Boolean& isCompleted)
   at Microsoft.AspNetCore.Mvc.Infrastructure.ControllerActionInvoker.InvokeInnerFilterAsync()
--- End of stack trace from previous location ---
   at Microsoft.AspNetCore.Mvc.Infrastructure.ResourceInvoker.<InvokeNextResourceFilter>g__Awaited|25_0(ResourceInvoker invoker, Task lastTask, State next, Scope scope, Object state, Boolean isCompleted)
   at Microsoft.AspNetCore.Mvc.Infrastructure.ResourceInvoker.Rethrow(ResourceExecutedContextSealed context)
   at Microsoft.AspNetCore.Mvc.Infrastructure.ResourceInvoker.Next(State& next, Scope& scope, Object& state, Boolean& isCompleted)
   at Microsoft.AspNetCore.Mvc.Infrastructure.ResourceInvoker.InvokeFilterPipelineAsync()
--- End of stack trace from previous location ---
   at Microsoft.AspNetCore.Mvc.Infrastructure.ResourceInvoker.<InvokeAsync>g__Logged|17_1(ResourceInvoker invoker)
   at Microsoft.AspNetCore.Mvc.Infrastructure.ResourceInvoker.<InvokeAsync>g__Logged|17_1(ResourceInvoker invoker)
   at Swashbuckle.AspNetCore.SwaggerUI.SwaggerUIMiddleware.Invoke(HttpContext httpContext)
   at Swashbuckle.AspNetCore.Swagger.SwaggerMiddleware.Invoke(HttpContext httpContext, ISwaggerProvider swaggerProvider)
   at Microsoft.AspNetCore.Authorization.AuthorizationMiddleware.Invoke(HttpContext context)
   at Microsoft.AspNetCore.Authentication.AuthenticationMiddleware.Invoke(HttpContext context)
   at WorkManagement.Web.Middleware.RequestLoggingMiddleware.InvokeAsync(HttpContext context) in D:\SPKT\HocKy2\CongNghePhanMem\DoAn\WorkManagement\WorkManagement.Web\Middleware\RequestLoggingMiddleware.cs:line 22
   at WorkManagement.Web.Middleware.WorkManagement.Web.Middleware.GlobalExceptionMiddleware.InvokeAsync(HttpContext context) in D:\SPKT\HocKy2\CongNghePhanMem\DoAn\WorkManagement\WorkManagement.Web\Middleware\GlobalExceptionMiddleware.cs:line 20
   at WorkManagement.Web.Middleware.WorkManagement.Web.Middleware.GlobalExceptionMiddleware.InvokeAsync(HttpContext context) in D:\SPKT\HocKy2\CongNghePhanMem\DoAn\WorkManagement\WorkManagement.Web\Middleware\GlobalExceptionMiddleware.cs:line 28
   at Microsoft.AspNetCore.Diagnostics.DeveloperExceptionPageMiddlewareImpl.Invoke(HttpContext context)
2026-03-22 23:54:09.212 [INF]  WorkManagement.Infrastructure.BackgroundJobs.DeadlineReminderJob DeadlineReminderJob started.
2026-03-22 23:54:09.677 [INF]  WorkManagement.Infrastructure.BackgroundJobs.NotificationBackgroundJob NotificationBackgroundJob started.
2026-03-22 23:54:13.181 [ERR] 0HNK86EHTMTFS:00000003 Microsoft.AspNetCore.Diagnostics.DeveloperExceptionPageMiddleware An unhandled exception has occurred while executing the request.
System.OverflowException: Value was either too large or too small for an Int32.
   at System.Number.ThrowOverflowException[TInteger]()
   at System.Int32.Parse(String s)
   at WorkManagement.Web.Controllers.HomeController.get_CurrentUserId() in D:\SPKT\HocKy2\CongNghePhanMem\DoAn\WorkManagement\WorkManagement.Web\Controllers\HomeController.cs:line 17
   at WorkManagement.Web.Controllers.HomeController.Index() in D:\SPKT\HocKy2\CongNghePhanMem\DoAn\WorkManagement\WorkManagement.Web\Controllers\HomeController.cs:line 32
   at Microsoft.AspNetCore.Mvc.Infrastructure.ActionMethodExecutor.TaskOfIActionResultExecutor.Execute(ActionContext actionContext, IActionResultTypeMapper mapper, ObjectMethodExecutor executor, Object controller, Object[] arguments)
   at Microsoft.AspNetCore.Mvc.Infrastructure.ControllerActionInvoker.<InvokeActionMethodAsync>g__Logged|12_1(ControllerActionInvoker invoker)
   at Microsoft.AspNetCore.Mvc.Infrastructure.ControllerActionInvoker.<InvokeNextActionFilterAsync>g__Awaited|10_0(ControllerActionInvoker invoker, Task lastTask, State next, Scope scope, Object state, Boolean isCompleted)
   at Microsoft.AspNetCore.Mvc.Infrastructure.ControllerActionInvoker.Rethrow(ActionExecutedContextSealed context)
   at Microsoft.AspNetCore.Mvc.Infrastructure.ControllerActionInvoker.Next(State& next, Scope& scope, Object& state, Boolean& isCompleted)
   at Microsoft.AspNetCore.Mvc.Infrastructure.ControllerActionInvoker.InvokeInnerFilterAsync()
--- End of stack trace from previous location ---
   at Microsoft.AspNetCore.Mvc.Infrastructure.ResourceInvoker.<InvokeNextResourceFilter>g__Awaited|25_0(ResourceInvoker invoker, Task lastTask, State next, Scope scope, Object state, Boolean isCompleted)
   at Microsoft.AspNetCore.Mvc.Infrastructure.ResourceInvoker.Rethrow(ResourceExecutedContextSealed context)
   at Microsoft.AspNetCore.Mvc.Infrastructure.ResourceInvoker.Next(State& next, Scope& scope, Object& state, Boolean& isCompleted)
   at Microsoft.AspNetCore.Mvc.Infrastructure.ResourceInvoker.InvokeFilterPipelineAsync()
--- End of stack trace from previous location ---
   at Microsoft.AspNetCore.Mvc.Infrastructure.ResourceInvoker.<InvokeAsync>g__Logged|17_1(ResourceInvoker invoker)
   at Microsoft.AspNetCore.Mvc.Infrastructure.ResourceInvoker.<InvokeAsync>g__Logged|17_1(ResourceInvoker invoker)
   at Swashbuckle.AspNetCore.SwaggerUI.SwaggerUIMiddleware.Invoke(HttpContext httpContext)
   at Swashbuckle.AspNetCore.Swagger.SwaggerMiddleware.Invoke(HttpContext httpContext, ISwaggerProvider swaggerProvider)
   at Microsoft.AspNetCore.Authorization.AuthorizationMiddleware.Invoke(HttpContext context)
   at Microsoft.AspNetCore.Authentication.AuthenticationMiddleware.Invoke(HttpContext context)
   at WorkManagement.Web.Middleware.RequestLoggingMiddleware.InvokeAsync(HttpContext context) in D:\SPKT\HocKy2\CongNghePhanMem\DoAn\WorkManagement\WorkManagement.Web\Middleware\RequestLoggingMiddleware.cs:line 22
   at WorkManagement.Web.Middleware.WorkManagement.Web.Middleware.GlobalExceptionMiddleware.InvokeAsync(HttpContext context) in D:\SPKT\HocKy2\CongNghePhanMem\DoAn\WorkManagement\WorkManagement.Web\Middleware\GlobalExceptionMiddleware.cs:line 20
   at WorkManagement.Web.Middleware.WorkManagement.Web.Middleware.GlobalExceptionMiddleware.InvokeAsync(HttpContext context) in D:\SPKT\HocKy2\CongNghePhanMem\DoAn\WorkManagement\WorkManagement.Web\Middleware\GlobalExceptionMiddleware.cs:line 28
   at Microsoft.AspNetCore.Diagnostics.DeveloperExceptionPageMiddlewareImpl.Invoke(HttpContext context)
2026-03-22 23:54:17.876 [WRN] 0HNK86EHTMTFT:00000001 Microsoft.WebTools.BrowserLink.Net.BrowserLinkMiddleware Unable to configure Browser Link script injection on the response. 
2026-03-22 23:54:17.883 [WRN] 0HNK86EHTMTFT:00000001 Microsoft.AspNetCore.Watch.BrowserRefresh.BrowserRefreshMiddleware Unable to configure browser refresh script injection on the response. Consider manually adding '<script src="/_framework/aspnetcore-browser-refresh.js"></script>' to the body of the page.
2026-03-22 23:54:19.549 [INF] 0HNK86EHTMTFT:00000007 WorkManagement.Web.Controllers.TasksController Google RedirectUri: /google-callback?returnUrl=%2FHome%2FIndex
2026-03-22 23:54:39.449 [INF] 0HNK86EHTMTFT:0000000B WorkManagement.Web.Controllers.TasksController LOGIN_GOOGLE | RequestId: 0HNK86EHTMTFT:0000000B | Email: 25610006@student.hcmute.edu.vn
2026-03-22 23:54:39.896 [ERR] 0HNK86EHTMTFT:0000000D Microsoft.AspNetCore.Diagnostics.DeveloperExceptionPageMiddleware An unhandled exception has occurred while executing the request.
System.OverflowException: Value was either too large or too small for an Int32.
   at System.Number.ThrowOverflowException[TInteger]()
   at System.Int32.Parse(String s)
   at WorkManagement.Web.Controllers.HomeController.get_CurrentUserId() in D:\SPKT\HocKy2\CongNghePhanMem\DoAn\WorkManagement\WorkManagement.Web\Controllers\HomeController.cs:line 17
   at WorkManagement.Web.Controllers.HomeController.Index() in D:\SPKT\HocKy2\CongNghePhanMem\DoAn\WorkManagement\WorkManagement.Web\Controllers\HomeController.cs:line 32
   at Microsoft.AspNetCore.Mvc.Infrastructure.ActionMethodExecutor.TaskOfIActionResultExecutor.Execute(ActionContext actionContext, IActionResultTypeMapper mapper, ObjectMethodExecutor executor, Object controller, Object[] arguments)
   at Microsoft.AspNetCore.Mvc.Infrastructure.ControllerActionInvoker.<InvokeActionMethodAsync>g__Logged|12_1(ControllerActionInvoker invoker)
   at Microsoft.AspNetCore.Mvc.Infrastructure.ControllerActionInvoker.<InvokeNextActionFilterAsync>g__Awaited|10_0(ControllerActionInvoker invoker, Task lastTask, State next, Scope scope, Object state, Boolean isCompleted)
   at Microsoft.AspNetCore.Mvc.Infrastructure.ControllerActionInvoker.Rethrow(ActionExecutedContextSealed context)
   at Microsoft.AspNetCore.Mvc.Infrastructure.ControllerActionInvoker.Next(State& next, Scope& scope, Object& state, Boolean& isCompleted)
   at Microsoft.AspNetCore.Mvc.Infrastructure.ControllerActionInvoker.InvokeInnerFilterAsync()
--- End of stack trace from previous location ---
   at Microsoft.AspNetCore.Mvc.Infrastructure.ResourceInvoker.<InvokeNextResourceFilter>g__Awaited|25_0(ResourceInvoker invoker, Task lastTask, State next, Scope scope, Object state, Boolean isCompleted)
   at Microsoft.AspNetCore.Mvc.Infrastructure.ResourceInvoker.Rethrow(ResourceExecutedContextSealed context)
   at Microsoft.AspNetCore.Mvc.Infrastructure.ResourceInvoker.Next(State& next, Scope& scope, Object& state, Boolean& isCompleted)
   at Microsoft.AspNetCore.Mvc.Infrastructure.ResourceInvoker.InvokeFilterPipelineAsync()
--- End of stack trace from previous location ---
   at Microsoft.AspNetCore.Mvc.Infrastructure.ResourceInvoker.<InvokeAsync>g__Logged|17_1(ResourceInvoker invoker)
   at Microsoft.AspNetCore.Mvc.Infrastructure.ResourceInvoker.<InvokeAsync>g__Logged|17_1(ResourceInvoker invoker)
   at Swashbuckle.AspNetCore.SwaggerUI.SwaggerUIMiddleware.Invoke(HttpContext httpContext)
   at Swashbuckle.AspNetCore.Swagger.SwaggerMiddleware.Invoke(HttpContext httpContext, ISwaggerProvider swaggerProvider)
   at Microsoft.AspNetCore.Authorization.AuthorizationMiddleware.Invoke(HttpContext context)
   at Microsoft.AspNetCore.Authentication.AuthenticationMiddleware.Invoke(HttpContext context)
   at WorkManagement.Web.Middleware.RequestLoggingMiddleware.InvokeAsync(HttpContext context) in D:\SPKT\HocKy2\CongNghePhanMem\DoAn\WorkManagement\WorkManagement.Web\Middleware\RequestLoggingMiddleware.cs:line 22
   at WorkManagement.Web.Middleware.WorkManagement.Web.Middleware.GlobalExceptionMiddleware.InvokeAsync(HttpContext context) in D:\SPKT\HocKy2\CongNghePhanMem\DoAn\WorkManagement\WorkManagement.Web\Middleware\GlobalExceptionMiddleware.cs:line 20
   at WorkManagement.Web.Middleware.WorkManagement.Web.Middleware.GlobalExceptionMiddleware.InvokeAsync(HttpContext context) in D:\SPKT\HocKy2\CongNghePhanMem\DoAn\WorkManagement\WorkManagement.Web\Middleware\GlobalExceptionMiddleware.cs:line 28
   at Microsoft.AspNetCore.Diagnostics.DeveloperExceptionPageMiddlewareImpl.Invoke(HttpContext context)
2026-03-22 23:58:36.384 [INF]  WorkManagement.Infrastructure.BackgroundJobs.DeadlineReminderJob DeadlineReminderJob started.
2026-03-22 23:58:36.978 [INF]  WorkManagement.Infrastructure.BackgroundJobs.NotificationBackgroundJob NotificationBackgroundJob started.
2026-03-22 23:58:40.452 [INF] 0HNK86H1JRHQM:00000003 WorkManagement.Web.Controllers.HomeController CurrentUserId claim value: 101008010457862392007
2026-03-22 23:58:57.709 [INF] 0HNK86H1JRHQN:00000001 WorkManagement.Web.Controllers.HomeController CurrentUserId claim value: 109418454216684506657
2026-03-22 23:59:12.600 [WRN] 0HNK86H1JRHQO:00000001 Microsoft.WebTools.BrowserLink.Net.BrowserLinkMiddleware Unable to configure Browser Link script injection on the response. 
2026-03-22 23:59:12.609 [WRN] 0HNK86H1JRHQO:00000001 Microsoft.AspNetCore.Watch.BrowserRefresh.BrowserRefreshMiddleware Unable to configure browser refresh script injection on the response. Consider manually adding '<script src="/_framework/aspnetcore-browser-refresh.js"></script>' to the body of the page.
2026-03-22 23:59:14.195 [INF] 0HNK86H1JRHQO:00000007 WorkManagement.Web.Controllers.TasksController Google RedirectUri: /google-callback?returnUrl=%2FHome%2FIndex
2026-03-22 23:59:30.347 [INF] 0HNK86H1JRHQO:0000000B WorkManagement.Web.Controllers.TasksController LOGIN_GOOGLE | RequestId: 0HNK86H1JRHQO:0000000B | Email: 25610006@student.hcmute.edu.vn
2026-03-22 23:59:30.465 [INF] 0HNK86H1JRHQO:0000000D WorkManagement.Web.Controllers.HomeController CurrentUserId claim value: 109418454216684506657
2026-03-22 23:59:40.173 [ERR] 0HNK86H1JRHQO:00000021 Microsoft.AspNetCore.Diagnostics.DeveloperExceptionPageMiddleware An unhandled exception has occurred while executing the request.
System.OverflowException: Value was either too large or too small for an Int32.
   at System.Number.ThrowOverflowException[TInteger]()
   at System.Int32.Parse(String s)
   at WorkManagement.Web.Controllers.TasksController.get_CurrentUserId() in D:\SPKT\HocKy2\CongNghePhanMem\DoAn\WorkManagement\WorkManagement.Web\Controllers\TasksController.cs:line 26
   at WorkManagement.Web.Controllers.TasksController.Index(Int32 page, String q, Nullable`1 status, Nullable`1 priority, Nullable`1 assignedTo, String view, String deadline) in D:\SPKT\HocKy2\CongNghePhanMem\DoAn\WorkManagement\WorkManagement.Web\Controllers\TasksController.cs:line 47
   at Microsoft.AspNetCore.Mvc.Infrastructure.ActionMethodExecutor.TaskOfIActionResultExecutor.Execute(ActionContext actionContext, IActionResultTypeMapper mapper, ObjectMethodExecutor executor, Object controller, Object[] arguments)
   at Microsoft.AspNetCore.Mvc.Infrastructure.ControllerActionInvoker.<InvokeActionMethodAsync>g__Logged|12_1(ControllerActionInvoker invoker)
   at Microsoft.AspNetCore.Mvc.Infrastructure.ControllerActionInvoker.<InvokeNextActionFilterAsync>g__Awaited|10_0(ControllerActionInvoker invoker, Task lastTask, State next, Scope scope, Object state, Boolean isCompleted)
   at Microsoft.AspNetCore.Mvc.Infrastructure.ControllerActionInvoker.Rethrow(ActionExecutedContextSealed context)
   at Microsoft.AspNetCore.Mvc.Infrastructure.ControllerActionInvoker.Next(State& next, Scope& scope, Object& state, Boolean& isCompleted)
   at Microsoft.AspNetCore.Mvc.Infrastructure.ControllerActionInvoker.InvokeInnerFilterAsync()
--- End of stack trace from previous location ---
   at Microsoft.AspNetCore.Mvc.Infrastructure.ResourceInvoker.<InvokeNextResourceFilter>g__Awaited|25_0(ResourceInvoker invoker, Task lastTask, State next, Scope scope, Object state, Boolean isCompleted)
   at Microsoft.AspNetCore.Mvc.Infrastructure.ResourceInvoker.Rethrow(ResourceExecutedContextSealed context)
   at Microsoft.AspNetCore.Mvc.Infrastructure.ResourceInvoker.Next(State& next, Scope& scope, Object& state, Boolean& isCompleted)
   at Microsoft.AspNetCore.Mvc.Infrastructure.ResourceInvoker.InvokeFilterPipelineAsync()
--- End of stack trace from previous location ---
   at Microsoft.AspNetCore.Mvc.Infrastructure.ResourceInvoker.<InvokeAsync>g__Logged|17_1(ResourceInvoker invoker)
   at Microsoft.AspNetCore.Mvc.Infrastructure.ResourceInvoker.<InvokeAsync>g__Logged|17_1(ResourceInvoker invoker)
   at Swashbuckle.AspNetCore.SwaggerUI.SwaggerUIMiddleware.Invoke(HttpContext httpContext)
   at Swashbuckle.AspNetCore.Swagger.SwaggerMiddleware.Invoke(HttpContext httpContext, ISwaggerProvider swaggerProvider)
   at Microsoft.AspNetCore.Authorization.AuthorizationMiddleware.Invoke(HttpContext context)
   at Microsoft.AspNetCore.Authentication.AuthenticationMiddleware.Invoke(HttpContext context)
   at WorkManagement.Web.Middleware.RequestLoggingMiddleware.InvokeAsync(HttpContext context) in D:\SPKT\HocKy2\CongNghePhanMem\DoAn\WorkManagement\WorkManagement.Web\Middleware\RequestLoggingMiddleware.cs:line 22
   at WorkManagement.Web.Middleware.WorkManagement.Web.Middleware.GlobalExceptionMiddleware.InvokeAsync(HttpContext context) in D:\SPKT\HocKy2\CongNghePhanMem\DoAn\WorkManagement\WorkManagement.Web\Middleware\GlobalExceptionMiddleware.cs:line 20
   at WorkManagement.Web.Middleware.WorkManagement.Web.Middleware.GlobalExceptionMiddleware.InvokeAsync(HttpContext context) in D:\SPKT\HocKy2\CongNghePhanMem\DoAn\WorkManagement\WorkManagement.Web\Middleware\GlobalExceptionMiddleware.cs:line 28
   at Microsoft.AspNetCore.Diagnostics.DeveloperExceptionPageMiddlewareImpl.Invoke(HttpContext context)
2026-03-22 23:59:44.760 [INF] 0HNK86H1JRHQO:00000027 WorkManagement.Web.Controllers.HomeController CurrentUserId claim value: 109418454216684506657
